System,3wrobotNI
Controller,lqr
dt,0.1
state_init,[-3.   -3.    1.57]
Nactor,6
pred_step_size_multiplier,5.0
buffer_size,25
run_obj_struct,quadratic
R1_diag,"[100, 100, 10, 0, 0]"
R2_diag,"[1, 10, 1, 0, 0]"
Ncritic,25
gamma,0.9
critic_period_multiplier,1.0
critic_struct,quad-mix
actor_struct,quad-nomix
t [s],x [m],y [m],alpha [rad],run_obj,accum_obj,v [m/s],omega [rad/s]
0.0001,-3.0,-3.0,1.57,191670.62400000013,19167.062400000013,0.0,0.0
0.0011,-3.0,-3.0,1.57,191670.62400000013,38334.12480000003,0.0,0.0
0.0111,-3.0,-3.0,1.57,191670.62400000013,57501.187200000044,0.0,0.0
0.0611,-3.0,-3.0,1.57,191670.62400000013,76668.24960000005,0.0,0.0
0.1111,-3.0,-3.0,1.57,191670.62400000013,95835.31200000006,8.104686356149278,1.5170013841881433
0.16110000000000002,-3.0033153775986503,-2.8997445349117403,1.6389366514429249,195576.61477839432,115392.97347783949,8.104686356149278,1.5170013841881433
0.2111,-3.0149579123146917,-2.7903889163035616,1.714786720652332,199794.45949290544,135372.41942713002,8.14509608543373,1.1529289293091856
0.2611,-3.0340544902724678,-2.6820538001474428,1.774092351482474,200080.79445307353,155380.49887243737,8.14509608543373,1.1529289293091856
0.3111,-3.059355436244911,-2.575018704507507,1.8317387979479334,199902.8428125273,175370.7831536901,8.265038754248415,0.8111156873329974
0.3611,-3.09005171086241,-2.4693774507994517,1.8738523249537977,196267.50761719712,194997.53391540982,8.265038754248415,0.8111156873329974
0.41109999999999997,-3.1249995555674155,-2.365084642977803,1.9144081093204477,192191.235937526,214216.6575091624,8.442380420326595,0.5097036243987385
0.46109999999999995,-3.163519994415085,-2.262037910439734,1.9412669132230278,185260.4283201062,232742.70034117304,8.442380420326595,0.5097036243987385
0.5111,-3.20464815784411,-2.16001919019576,1.9667520944429648,177928.86333062843,250535.58667423588,8.657556067046023,0.2440911851785526
0.5611,-3.2478193556757553,-2.0588336525431554,1.9801671270577137,168306.61059002773,267366.2477332387,8.657556067046023,0.2440911851785526
0.6111000000000001,-3.292217589047691,-1.9581924746800679,1.9923716863166414,158379.7933184172,283204.2270650804,8.894130325143161,0.008937364834523497
0.6611000000000001,-3.337363015520364,-1.8578740563302292,1.9938902191042063,146728.05376911626,297877.0324419921,8.894130325143161,0.008937364834523497
0.7111000000000002,-3.3825496091188247,-1.757583620307584,1.9943370873459325,134954.91527622505,311372.5239696146,9.138167888674467,-0.20096584698940154
0.7611000000000002,-3.427353013614696,-1.6571144006753757,1.9852453851545142,122045.64400390592,323577.0883700052,9.138167888674467,-0.20096584698940154
0.8111000000000003,-3.471141831473958,-1.5562063354811086,1.9751970928050442,109287.67461828586,334505.8558318338,9.377505280601996,-0.39026184283284465
0.8611000000000003,-3.513523702477665,-1.454694646539508,1.9565466777277927,96002.1847123397,344106.07430306775,9.377505280601996,-0.39026184283284465
0.9111000000000004,-3.553914741681861,-1.35238052227943,1.9370335855861505,83206.5200620089,352426.7263092686,9.601121439275582,-0.5628031677742928
0.9611000000000004,-3.59193888356158,-1.2491604227479145,1.9096797483397472,70483.36457603394,359475.062766872,9.601121439275582,-0.5628031677742928
1.0111000000000003,-3.6270422336608137,-1.144915728084503,1.8815395899510325,58607.09874396476,365335.7726412685,9.798679901442659,-0.7215405477045536
1.0611000000000004,-3.6588575514633113,-1.0396192908434632,1.8461859751045495,47343.65578599901,370070.1382198684,9.798679901442659,-0.7215405477045536
1.1111000000000004,-3.6868532129265392,-0.9332476282730087,1.8101089477193217,37237.98283499404,373793.93650336785,9.960262977310277,-0.8684723826373093
1.1611000000000005,-3.710671611223801,-0.8258626859710793,1.7673549398143633,28160.44550509337,376609.98105387716,9.960262977310277,-0.8684723826373093
1.2111000000000005,-3.729805408527016,-0.7175483443715497,1.7239313206824978,20435.526689673574,378653.5337228445,10.076301001860223,-1.0046267583027633
1.2611000000000006,-3.7439156597632084,-0.6084658269657376,1.67432047796896,13966.028007185065,380050.136523563,10.076301001860223,-1.0046267583027633
1.3111000000000006,-3.7525308521938947,-0.49881531643575006,1.6240891400538218,8871.949506512165,380937.3314742142,10.137695199601685,-1.1300676585866358
1.3611000000000006,-3.7553476132338437,-0.388863555115305,1.5681574278940127,5034.372239047217,381440.7686981189,10.137695199601685,-1.1300676585866358
1.4111000000000007,-3.751950640602757,-0.2789306588468691,1.511654044964681,2402.607298352289,381681.02942795417,10.136127721946227,-1.2439312506381828
1.4611000000000007,-3.7420958737039336,-0.16938874306291518,1.449976392031965,810.9461316554497,381762.1240411197,10.136127721946227,-1.2439312506381828
1.5111000000000008,-3.725451758149511,-0.06067318175179613,1.3877798295000559,94.46345016295405,381771.570386136,10.064539344922217,-1.3445076862799044
1.5611000000000008,-3.7018618071517326,0.046747989614620164,1.3210128013380735,50.170862556568565,381776.58747239166,10.064539344922217,-1.3445076862799044
1.6111000000000009,-3.671109618408845,0.1523403504235054,1.2537874170240781,472.00179767666486,381823.78765215934,9.917730678748839,-1.4293881564059177
1.661100000000001,-3.6331551023846407,0.2555612548440655,1.1827048342629503,1157.662267143492,381939.5538788737,9.917730678748839,-1.4293881564059177
1.711100000000001,-3.587927106693533,0.3558073462427832,1.1112354264426543,1931.970244808361,382132.75090335455,9.693007956159068,-1.4956941183022732
1.761100000000001,-3.5355257463253578,0.4524955683483507,1.036752896135141,2640.939280771514,382396.8448314317,9.693007956159068,-1.4956941183022732
1.811100000000001,-3.4760471781875797,0.5449977933214907,0.9619681902200273,3188.2580707373327,382715.6706385054,9.39075737946268,-1.5403938029395756
1.861100000000001,-3.4097440886224812,0.6327359848335882,0.8851522095733487,3501.0296392466284,383065.77360243007,9.39075737946268,-1.5403938029395756
1.9111000000000011,-3.3368868855758267,0.7151122416103727,0.8081325194263699,3569.996536709926,383422.77325610106,9.014807204513275,-1.5606902290415954
1.9611000000000012,-3.2578760716552395,0.7916051649899782,0.7301905047078279,3404.3166862290573,383763.20492472395,9.014807204513275,-1.5606902290415954
2.011100000000001,-3.1731427209381464,0.8617059523791507,0.652155993255748,3052.6120250331733,384068.4661272273,8.572442172167253,-1.5544387717766763
2.061100000000001,-3.0832103971172184,0.9249996203683136,0.5744055649528166,2576.3089560720173,384326.09702283447,8.572442172167253,-1.5544387717766763
2.111100000000001,-2.9886352125959,0.98111953359161,0.49668362636398306,2036.200700779577,384529.7170929124,8.073983677011086,-1.5205292436145619
2.1611000000000007,-2.8900206659901486,1.0297958336066269,0.4205026285731414,1503.5325007534332,384680.0703429878,8.073983677011086,-1.5205292436145619
2.2111000000000005,-2.7879940186895897,1.0708413714101452,0.3444761663924136,1015.3681825050805,384781.60716123827,7.531939028099761,-1.4591583770466146
2.2611000000000003,-2.683183702157941,1.1041513995047696,0.27123856260129686,619.9150365474222,384843.598664893,7.531939028099761,-1.4591583770466146
2.3111,-2.5762246961504225,1.129732735885316,0.19828064374896642,319.70599383512183,384875.56926427654,6.959831048421706,-1.3719318436834385
2.3611,-2.467713333985938,1.1476435655660253,0.12928653481118652,128.70081339684725,384888.4393456162,6.959831048421706,-1.3719318436834385
2.4111,-2.358230681424393,1.158074520811479,0.06068994262701484,26.37243745397168,384891.0765893616,6.370906676130955,-1.2617702819793166
2.4610999999999996,-2.248292163518993,1.1612243697662092,-0.002900609839091947,0.05505384313103945,384891.0820947459,6.370906676130955,-1.2617702819793166
2.5110999999999994,-2.1383756424294895,1.1574368117954965,-0.06598912393805756,25.608169628504264,384893.64291170874,5.7769546311734015,-1.1326403291786833
2.5610999999999993,-2.0288826066619885,1.1470152514940632,-0.12320962325480692,78.92465924412681,384901.5353776332,5.7769546311734015,-1.1326403291786833
2.611099999999999,-1.9201575238721011,1.1304133598486987,-0.17984163971374087,146.2850754963646,384916.1638851828,5.187424828461192,-0.9891721100848466
2.661099999999999,-1.812473722474694,1.1079983206722157,-0.22995407173729088,204.72698131216367,384936.63658331404,5.187424828461192,-0.9891721100848466
2.7110999999999987,-1.7060328294347533,1.080287854207427,-0.279412677241533,254.57584916118282,384962.09416823013,4.608953665287524,-0.836244309729645
2.7610999999999986,-1.6009831022819097,1.0476751272069345,-0.32192182931817553,279.8973908778163,384990.0839073179,4.608953665287524,-0.836244309729645
2.8110999999999984,-1.4973917888729535,1.0107011220313378,-0.36373404480465765,290.907908167166,385019.1746981346,4.045296933696189,-0.6786121358605725
2.861099999999998,-1.3952979748843917,0.9697555382805801,-0.3983830273900582,278.95320340536927,385047.0700184751,4.045296933696189,-0.6786121358605725
2.911099999999998,-1.2946554625267315,0.9253717138536635,-0.4323136341830867,257.5194014784746,385072.82195862295,3.4975921543515054,-0.5206285378226243
2.961099999999998,-1.1954173652638047,0.8779167899194624,-0.4590650384090262,222.82581377856968,385095.1045400008,3.4975921543515054,-0.5206285378226243
3.0110999999999977,-1.0974514897304195,0.8278967542910767,-0.4850964653001573,186.48782247918314,385113.7533222487,2.964833371784605,-0.3660773149939915
3.0610999999999975,-1.00065057352852,0.775646761109779,-0.5041046660497269,146.96216175210287,385128.4495384239,2.964833371784605,-0.3660773149939915
3.1110999999999973,-0.9048254018721641,0.7216356635707365,-0.5224085317994265,111.70106147205762,385139.6196445711,2.444442029750201,-0.21810955422474002
3.161099999999997,-0.8098328444219871,0.6661645582735726,-0.5339883417537524,79.6688601475614,385147.58653058583,2.444442029750201,-0.21810955422474002
3.211099999999997,-0.7154537622341788,0.6096626209144038,-0.5448938194649894,54.229709486268,385153.00950153446,1.932842781745003,-0.07925823462526728
3.261099999999997,-0.6318949682939072,0.5587220426197943,-0.5494895171579691,36.13029116088882,385156.6225306505,1.932842781745003,-0.07925823462526728
3.3110999999999966,-0.5495796219912581,0.5080873254055979,-0.5534524288892325,22.928191116553503,385158.9153497622,1.4847234879900733,0.03469344908195944
3.3610999999999964,-0.48467373787994067,0.46801457854257644,-0.5522370674936962,15.063992140135824,385160.4217489762,1.4847234879900733,0.03469344908195944
3.4110999999999962,-0.42143879478555485,0.42912563179164087,-0.5505023950395982,9.515411905256009,385161.3732901667,1.1385430833501586,0.11353724618117064
3.461099999999996,-0.3715033483900989,0.3986410138159664,-0.5451848469100282,6.25818227189805,385161.9991083939,1.1385430833501586,0.11353724618117064
3.511099999999996,-0.3227453094736299,0.36925826684547974,-0.5395079846009697,3.9686912949444486,385162.3959775234,0.8719165020673665,0.16443373087577381
3.5610999999999957,-0.28421264187320844,0.3463835064388799,-0.5315182481827424,2.6285048550356054,385162.6588280089,0.8719165020673665,0.16443373087577381
3.6110999999999955,-0.24654094973634944,0.3244420189793731,-0.5232965616389538,1.681974144013242,385162.82702542335,0.6660456905200907,0.19444058251923255
3.6610999999999954,-0.2168044119145341,0.3074672360453865,-0.5137112824879299,1.1257536412284888,385162.9396007875,0.6660456905200907,0.19444058251923255
3.711099999999995,-0.18772146807798934,0.29124330935909504,-0.5039892533619683,0.7288758878886225,385163.0124883763,0.5071412070293296,0.20926744410570883
3.761099999999995,-0.1648202489503309,0.27876297103767705,-0.4935934514894338,0.4937434101291137,385163.0618627173,0.5071412070293296,0.20926744410570883
3.811099999999995,-0.14242746340447282,0.26686600508221653,-0.48313007928414836,0.32372286514032367,385163.0942350038,0.3847766397983928,0.2133780505778691
3.8610999999999946,-0.12484959589564296,0.25776021479945954,-0.4724799099878755,0.22194429124528106,385163.11642943294,0.3847766397983928,0.2133780505778691
3.9110999999999945,-0.10767214315007052,0.24909625135043742,-0.46181100745898207,0.14727902228492618,385163.1311573352,0.290882983175242,0.2101742277656558
3.9610999999999943,-0.0942345554682516,0.24249387708637313,-0.45128769531569574,0.10209398236128502,385163.1413667334,0.290882983175242,0.2101742277656558
4.011099999999995,-0.08111338807283029,0.2362197003067538,-0.4407789839274129,0.06847472621139604,385163.14821420604,0.21913285653830236,0.2021902177842601
4.061099999999994,-0.07088462386257863,0.23145613608902532,-0.4306330875760451,0.047921179648566396,385163.153006324,0.21913285653830236,0.2021902177842601
4.111099999999994,-0.06090535473242989,0.22693273170327422,-0.42052357668683216,0.032430763127459156,385163.15624940034,0.16453959917211813,0.19127357187477054
4.161099999999994,-0.05315191467587386,0.2235089307415145,-0.4109101477536624,0.022876656720600064,385163.158537066,0.16453959917211813,0.19127357187477054
4.211099999999994,-0.04559416879663752,0.22025882911468667,-0.40134646915992395,0.015595359273995996,385163.16009660193,0.12317547925535782,0.17874229309677325
4.261099999999994,-0.03974045517092364,0.21780490106249753,-0.39235224581273764,0.011071959509927887,385163.1612037979,0.12317547925535782,0.17874229309677325
4.3110999999999935,-0.034039225737017766,0.2154754746949854,-0.383415131157899,0.007592149776298735,385163.1619630129,0.09195908280156387,0.16551503157725939
4.361099999999993,-0.02963601243323085,0.21372012898845216,-0.3750790990903404,0.005418104203162128,385163.1625048233,0.09195908280156387,0.16551503157725939
4.411099999999993,-0.025350793145499532,0.212053408474777,-0.3668033475114774,0.003732599832340513,385163.1628780833,0.06848674244129703,0.15221513717725738
4.461099999999993,-0.022049676531598422,0.2107993337643726,-0.3591319791546979,0.0026749908710754612,385163.16314558237,0.06848674244129703,0.15221513717725738
4.511099999999993,-0.018839255514044705,0.20960802145675955,-0.35152122229583505,0.0018497694495515614,385163.1633305593,0.050895419041562216,0.13925146363385382
4.561099999999993,-0.016371747894681408,0.20871265090947155,-0.3444995698727336,0.001330259123674168,385163.16346358525,0.050895419041562216,0.13925146363385382
4.611099999999992,-0.013973523459074322,0.20786156184600163,-0.3375369966910409,0.0009227291185609975,385163.1635558582,0.03775034164203001,0.12687966398460818
4.661099999999992,-0.01213398121071772,0.20722239921920968,-0.33113663159236734,0.0006655270594342967,385163.1636224109,0.03775034164203001,0.12687966398460818
4.711099999999992,-0.010347071922043819,0.20661439923525912,-0.32479264839313693,0.00046284941527782654,385163.16366869584,0.027953257544227457,0.11524779205579488
4.761099999999992,-0.00897886794318582,0.20615802912273995,-0.3189772489573383,0.0003346835177756328,385163.1637021642,0.027953257544227457,0.11524779205579488
4.811099999999992,-0.007650452388898808,0.2057235544651862,-0.31321485935454857,0.000233291126475609,385163.1637254933,0.02066817236489213,0.10442967672466448
4.8610999999999915,-0.006634893686810932,0.20539752895537444,-0.30794407421146774,0.00016907262734480288,385163.1637424006,0.02066817236489213,0.10442967672466448
4.911099999999991,-0.0056492846414781155,0.20508687520006572,-0.3027225903752345,0.00011809283422574096,385163.1637542099,0.015261893385263308,0.09444900389537313
4.961099999999991,-0.0048968266444662,0.2048537901346075,-0.29795465534335325,8.576084470864666e-05,385163.16376278596,0.015261893385263308,0.09444900389537313
5.011099999999991,-0.00416682849665093,0.20463149506890008,-0.2932322051485846,6.001375092814654e-05,385163.16376878734,0.011256946021739793,0.08529647383732039
5.061099999999991,-0.00361018182832151,0.20446470153235546,-0.28892567070775615,4.3665489273969324e-05,385163.1637731539,0.011256946021739793,0.08529647383732039
5.111099999999991,-0.0030703239155491268,0.20430548457917388,-0.2846608470158902,3.060942344292986e-05,385163.1637762149,0.00829467078243614,0.0769418786052806
5.1610999999999905,-0.0026590963463325856,0.20418600402120746,-0.2807756787583968,2.23105507437674e-05,385163.1637784459,0.00829467078243614,0.0769418786052806
5.21109999999999,-0.0022603833698835608,0.20407184773034392,-0.2769285848281328,1.566524552546662e-05,385163.16378001246,0.006106566085853537,0.06934250010263676
5.26109999999999,-0.0019569492398316133,0.20398616334493547,-0.27342682723867906,1.143705001364505e-05,385163.1637811562,0.006106566085853537,0.06934250010263676
5.31109999999999,-0.0016628211760180028,0.20390422457455562,-0.26995970223354726,8.04289973450666e-06,385163.1637819605,0.004492214699329263,0.06244887143164728
5.36109999999999,-0.001439159809261139,0.2038427053413172,-0.2668058423854695,5.881258887585141e-06,385163.1637825486,0.004492214699329263,0.06244887143164728
5.41109999999999,-0.0012224041583178949,0.20378382470734302,-0.26368339881388714,4.141959654656851e-06,385163.16378296283,0.0033024007678725906,0.056208666052031744
5.461099999999989,-0.001057694840810715,0.2037396034166508,-0.26084452707531075,3.0332372158576065e-06,385163.16378326615,0.0033024007678725906,0.056208666052031744
5.511099999999989,-0.0008981007673285327,0.2036972437560927,-0.2580340937727092,2.1391727532236094e-06,385163.16378348006,0.0024262750118044475,0.05056926874107577
5.561099999999989,-0.000776902906658805,0.20366541935079305,-0.2554799299572852,1.5687469483336003e-06,385163.16378363693,0.0024262750118044475,0.05056926874107577
5.611099999999989,-0.0006594881100450267,0.20363491060159283,-0.2529514665202314,1.1078068466810018e-06,385163.1637837477,0.0017816480958410617,0.04547942604397595
5.661099999999989,-0.0005703704264284097,0.2036119814804559,-0.2506542993203245,8.13471250530425e-07,385163.1637838291,0.0017816480958410617,0.04547942604397595
5.7110999999999885,-0.0004840467684357888,0.20358998381024448,-0.24838032801812573,5.751658488641679e-07,385163.1637838866,0.0013076824132927563,0.04089025953302459
5.761099999999988,-0.0004185587271576982,0.2035734452723418,-0.24631490087117722,4.228707640061564e-07,385163.16378392885,0.0013076824132927563,0.04089025953302459
5.811099999999988,-0.0003551318061478885,0.20355756738088426,-0.244270387894526,2.9934121822376493e-07,385163.16378395876,0.0009594106346400073,0.03675584242814037
5.861099999999988,-0.0003070344131761532,0.20354562558158049,-0.24241375402850035,2.203349564190734e-07,385163.1637839808,0.0009594106346400073,0.03675584242814037
5.911099999999988,-0.0002604559180897596,0.20353415322077473,-0.24057596190709335,1.5614164273124843e-07,385163.1637839964,0.0007036378419063286,0.033033480741572946
5.961099999999988,-0.00022514812108291292,0.20352552178685815,-0.2389073239821202,1.1505475401926643e-07,385163.16378400795,0.0007036378419063286,0.033033480741572946
6.0110999999999875,-0.00019095863585590132,0.20351722453731808,-0.23725564994504156,8.16178799412314e-08,385163.1637840161,0.0005158866168695925,0.029683797773012333
6.061099999999987,-0.0001650506401784019,0.20351097982484642,-0.23575619457411234,6.020153646116923e-08,385163.1637840221,0.0005158866168695925,0.029683797773012333
6.111099999999987,-0.00013996537049574837,0.2035049734427012,-0.23427200468546172,4.274676677432791e-08,385163.16378402634,0.000378125142862948,0.026670690757218084
6.161099999999987,-0.00012096191374143204,0.20350045141662265,-0.23292473854010698,3.155952940229108e-08,385163.1637840295,0.000378125142862948,0.026670690757218084
6.211099999999987,-0.00010256330709934933,0.20349609966067572,-0.2315912040022461,2.2429085448654402e-08,385163.16378403176,0.0002770811452294055,0.023961207263413352
6.261099999999987,-8.862898587370833e-05,0.2034928223376097,-0.23038079573252815,1.6573473243077145e-08,385163.1637840334,0.0002770811452294055,0.023961207263413352
6.311099999999986,-7.513906773707546e-05,0.20348966686802292,-0.2291827353693575,1.1788304801921937e-08,385163.16378403455,0.00020299285903367396,0.021525374026197447
6.361099999999986,-6.492473576623006e-05,0.2034872897779885,-0.22809536586553428,8.71764367226994e-09,385163.1637840354,0.00020299285903367396,0.021525374026197447
6.411099999999986,-5.503674717163714e-05,0.2034850000348466,-0.22701909716422441,6.205350749479832e-09,385163.16378403606,0.0001486851912957911,0.01933600042439616
6.461099999999986,-4.755126848468948e-05,0.2034832746446184,-0.2260423195289339,4.592322646026586e-09,385163.16378403653,0.0001486851912957911,0.01933600042439616
6.511099999999986,-4.030532452561215e-05,0.20348161196391737,-0.2250755195077141,3.2711686766852394e-09,385163.1637840369,0.00010888733792048817,0.017368471510785903
6.5610999999999855,-3.482094590432956e-05,0.20348035876410714,-0.2241981293290529,2.422486249154377e-09,385163.1637840371,0.00010888733792048817,0.017368471510785903
6.611099999999985,-2.951231192309194e-05,0.20347915065223776,-0.2233297057535136,1.7266746684177597e-09,385163.1637840373,7.972934392669016e-05,0.015600540402952851
6.661099999999985,-2.5494914546215536e-05,0.2034782398552865,-0.222541621755661,1.2794897053682744e-09,385163.1637840374,7.972934392669016e-05,0.015600540402952851
6.711099999999985,-2.1606412304080396e-05,0.20347736152151477,-0.22176159473551335,9.125179553394068e-10,385163.1637840375,5.8371065001593525e-05,0.014012126315400155
6.761099999999985,-1.866414845225175e-05,0.2034766991994651,-0.22105374955345894,6.765699939844451e-10,385163.1637840376,5.8371065001593525e-05,0.014012126315400155
6.811099999999985,-1.581638857807154e-05,0.20347606028129808,-0.22035314323768893,4.827819512400332e-10,385163.16378403764,4.2728956236938294e-05,0.012585122080253697
6.861099999999984,-1.366188757464404e-05,0.20347557839715333,-0.21971738385916711,3.5813442544223174e-10,385163.1637840377,4.2728956236938294e-05,0.012585122080253697
6.911099999999984,-1.1576655553843195e-05,0.20347511340627003,-0.21908812775515443,2.5568058008992284e-10,385163.1637840377,3.127505410521163e-05,0.011303213340452227
6.961099999999984,-9.999233769033032e-06,0.2034747626362176,-0.2185171250561145,1.8975653159585851e-10,385163.1637840377,3.127505410521163e-05,0.011303213340452227
7.011099999999984,-8.472571417195446e-06,0.20347442407378377,-0.2179519643890919,1.3553234128409632e-10,385163.1637840377,2.288917798833518e-05,0.010151710474069896
7.061099999999984,-7.317810914259854e-06,0.20347416863267306,-0.2174391311309713,1.0063002333899284e-10,385163.1637840377,2.288917798833518e-05,0.010151710474069896
7.1110999999999835,-6.200237855147535e-06,0.2034739220224505,-0.2169315456072678,7.190363852759307e-11,385163.1637840377,1.6750327716018307e-05,0.009117393558779378
7.161099999999983,-5.354988034523965e-06,0.20347373592914472,-0.21647096224547008,5.340774680659754e-11,385163.1637840377,1.6750327716018307e-05,0.009117393558779378
7.211099999999983,-4.536977041576546e-06,0.20347355623023056,-0.2160150925675311,3.8175834437015625e-11,385163.1637840377,1.2256925308529213e-05,0.008188370197080238
7.261099999999983,-3.9183444796600465e-06,0.20347342060924792,-0.21560144022725267,2.836580733922534e-11,385163.1637840377,1.2256925308529213e-05,0.008188370197080238
7.311099999999983,-3.319660068606992e-06,0.2034732896225472,-0.21519202171739865,2.028269250106618e-11,385163.1637840377,8.968267887883894e-06,0.007353945715429593
7.361099999999983,-2.8669294941116958e-06,0.2034731907524599,-0.21482052171589047,1.5075481188316927e-11,385163.1637840377,8.968267887883894e-06,0.007353945715429593
7.4110999999999825,-2.428805465622634e-06,0.20347309524379187,-0.21445282443011898,1.0782866299447693e-11,385163.1637840377,6.5615688391769885e-06,0.006604505067403999
7.461099999999982,-2.0975137755076717e-06,0.2034730231443817,-0.21411918375712888,8.016886043783515e-12,385163.1637840377,6.5615688391769885e-06,0.006604505067403999
7.511099999999982,-1.776915849588657e-06,0.2034729534849746,-0.21378895850375867,5.73573234041653e-12,385163.1637840377,4.800448546914819e-06,0.0059314056729236515
7.561099999999982,-1.534506835929536e-06,0.2034729008935147,-0.2134893207098512,4.2655432751901105e-12,385163.1637840377,4.800448546914819e-06,0.0059314056729236515
7.611099999999982,-1.2999259613883435e-06,0.2034728500744385,-0.213192750426205,3.0525744820998834e-12,385163.1637840377,3.5118307339419036e-06,0.0053268803846793856
7.661099999999982,-1.1225650505002677e-06,0.2034728117033212,-0.21292365140891262,2.2706743301812357e-12,385163.1637840377,3.5118307339419036e-06,0.0053268803846793856
7.711099999999981,-9.509339103812678e-07,0.20347277462045024,-0.21265730738967864,1.6253434231896104e-12,385163.1637840377,2.5690070292078897e-06,0.004783949769867477
7.761099999999981,-8.211738523049967e-07,0.20347274661843376,-0.2124156356080188,1.2092801252611542e-12,385163.1637840377,2.5690070292078897e-06,0.004783949769867477
7.811099999999981,-6.956072493568705e-07,0.20347271955330978,-0.2121764381195254,8.657771516615255e-13,385163.1637840377,1.8792261938858956e-06,0.004296342916689429
7.861099999999981,-6.006778245618668e-07,0.20347269911426275,-0.21195939880704234,6.442761901386405e-13,385163.1637840377,1.8792261938858956e-06,0.004296342916689429
7.911099999999981,-5.088171918847964e-07,0.2034726793569388,-0.21174458166120788,4.613511489692894e-13,385163.1637840377,1.3746012504663569e-06,0.0038584260114858247
7.9610999999999805,-4.3937238145039045e-07,0.20347266443552037,-0.21154966464557082,3.4337887061462373e-13,385163.1637840377,1.3746012504663569e-06,0.0038584260114858247
8.011099999999981,-3.721731473312726e-07,0.20347265001038906,-0.21135674334499652,2.4592665523014743e-13,385163.1637840377,1.00544887595225e-06,0.003465137977430554
8.061099999999982,-3.2137357613007623e-07,0.2034726391153166,-0.2111816941178448,1.830695606080077e-13,385163.1637840377,1.00544887595225e-06,0.003465137977430554
8.111099999999983,-2.7221707753353983e-07,0.20347262858169213,-0.21100843721897325,1.3113348422811514e-13,385163.1637840377,7.354113442508238e-07,0.003111932515048068
8.161099999999983,-2.350581183339645e-07,0.20347262062534358,-0.2108512309329105,9.76306053789919e-14,385163.1637840377,7.354113442508238e-07,0.003111932515048068
8.211099999999984,-1.9910130614728463e-07,0.20347261293234237,-0.2106956343071581,6.994270904596977e-14,385163.1637840377,5.378845459928998e-07,0.002794725935502963
8.261099999999985,-1.7192114554426234e-07,0.20347260712128845,-0.21055445240748139,5.20799530655379e-14,385163.1637840377,5.378845459928998e-07,0.002794725935502963
8.311099999999985,-1.4562047968483746e-07,0.20347260150217497,-0.21041471611070622,3.7314724907839825e-14,385163.1637840377,3.9340277114422764e-07,0.0025098502277229938
8.361099999999986,-1.2573999201622718e-07,0.20347259725746733,-0.21028792533763097,2.7788085093455927e-14,385163.1637840377,3.9340277114422764e-07,0.0025098502277229938
8.411099999999987,-1.065029122429338e-07,0.20347259315270033,-0.2101624328262448,1.991206100371009e-14,385163.1637840377,2.8772423276677577e-07,0.0022540108487310263
8.461099999999988,-9.19620561150077e-08,0.20347259005180346,-0.21004856634913838,1.4829955529109763e-14,385163.1637840377,2.8772423276677577e-07,0.0022540108487310263
8.511099999999988,-7.789187305124098e-08,0.20347258705296475,-0.20993586580670182,1.0627732697788994e-14,385163.1637840377,2.1042973310932458e-07,0.0020242487723408985
8.561099999999989,-6.725676034931613e-08,0.20347258478743957,-0.20983360627528871,7.915985954888925e-15,385163.1637840377,2.1042973310932458e-07,0.0020242487723408985
8.61109999999999,-5.6965945430364346e-08,0.20347258259636458,-0.20973239383667167,5.673416593648157e-15,385163.1637840377,1.538970397497061e-07,0.0018179063742094783
8.66109999999999,-4.91876486985354e-08,0.2034725809410203,-0.2096405581554697,4.226158302499072e-15,385163.1637840377,1.538970397497061e-07,0.0018179063742094783
8.711099999999991,-4.1661196719703065e-08,0.2034725793399995,-0.20954966283675922,3.0291475520643886e-15,385163.1637840377,1.1255031039645884e-07,0.0016325967709587975
8.761099999999992,-3.5972428908313025e-08,0.2034725781303993,-0.20946718848830062,2.256599782428428e-15,385163.1637840377,1.1255031039645884e-07,0.0016325967709587975
8.811099999999993,-3.046787273625985e-08,0.20347257696044532,-0.20938555864975267,1.617561194895307e-15,385163.1637840377,8.231085034022307e-08,0.0014661762676559265
8.861099999999993,-2.630738643237392e-08,0.20347257607649868,-0.209311491409597,1.2051040694049455e-15,385163.1637840377,8.231085034022307e-08,0.0014661762676559265
8.911099999999994,-2.2281637543275346e-08,0.2034725752214922,-0.2092381825962142,8.638912700332788e-16,385163.1637840377,6.019522744791198e-08,0.0013167196014416732
8.961099999999995,-1.9238910635501367e-08,0.20347257457548426,-0.20917166549852267,6.43649827568357e-16,385163.1637840377,6.019522744791198e-08,0.0013167196014416732
9.011099999999995,-1.629473169733722e-08,0.20347257395060517,-0.20910582951845058,4.614341147890345e-16,385163.1637840377,4.4021229406166894e-08,0.001182497699659816
9.061099999999996,-1.4069498330297098e-08,0.20347257347846112,-0.20904609294511312,3.438146068622303e-16,385163.1637840377,4.4021229406166894e-08,0.001182497699659816
9.111099999999997,-1.1916341960262826e-08,0.2034725730217454,-0.20898696806013012,2.4649454514904374e-16,385163.1637840377,3.219273755147695e-08,0.0010619576986303848
9.161099999999998,-1.028898619315941e-08,0.2034725726766545,-0.20893332083925642,1.8367225952155763e-16,385163.1637840377,3.219273755147695e-08,0.0010619576986303848
9.211099999999998,-8.714345679473259e-09,0.203472572342831,-0.2088802229543249,1.3168830138856883e-16,385163.1637840377,2.3542345694995338e-08,0.0009537049944183105
9.261099999999999,-7.524243130231709e-09,0.20347257209059177,-0.2088320443654572,9.813024971516578e-17,385163.1637840377,2.3542345694995338e-08,0.0009537049944183105
9.3111,-6.372694407737493e-09,0.20347257184658227,-0.20878435911573628,7.035987995201346e-17,385163.1637840377,1.7216229324003238e-08,0.0008564871197711021
9.3611,-5.50236889005314e-09,0.20347257166220398,-0.20874109170953775,5.243222506677776e-17,385163.1637840377,1.7216229324003238e-08,0.0008564871197711021
9.411100000000001,-4.660239607830871e-09,0.20347257148383735,-0.20869826735354918,3.759561216809208e-17,385163.1637840377,1.2589926306537492e-08,0.0007691792620242047
9.461100000000002,-4.023773960558467e-09,0.20347257134905805,-0.20865941050307543,2.801728731123507e-17,385163.1637840377,1.2589926306537492e-08,0.0007691792620242047
9.511100000000003,-3.407929230883513e-09,0.20347257121867063,-0.20862095153997423,2.009000100466735e-17,385163.1637840377,9.206732031279557e-09,0.0006907712553946213
9.561100000000003,-2.9424883179311425e-09,0.20347257112014452,-0.20858605564904928,1.49721102671882e-17,385163.1637840377,9.206732031279557e-09,0.0006907712553946213
9.611100000000004,-2.4921280098798373e-09,0.20347257102482727,-0.20855151708627956,1.073619468480559e-17,385163.1637840377,6.7326381443225005e-09,0.0006203558978749935
9.661100000000005,-2.1517583383995516e-09,0.20347257095280075,-0.20852017838806378,8.001402968749526e-18,385163.1637840377,6.7326381443225005e-09,0.0006203558978749935
9.711100000000005,-1.8224173606978925e-09,0.20347257088311888,-0.20848916059317002,5.7378029230874034e-18,385163.1637840377,4.92337322397426e-09,0.0005571184580724469
9.761100000000006,-1.573512026770609e-09,0.20347257083046316,-0.20846101647880896,4.276345768428145e-18,385163.1637840377,4.92337322397426e-09,0.0005571184580724469
9.811100000000007,-1.332672066560003e-09,0.2034725707795208,-0.20843316055590533,3.0666428164703985e-18,385163.1637840377,3.6002958894961558e-09,0.0005003272509624917
9.861100000000008,-1.15065383041873e-09,0.2034725707410254,-0.2084078853792623,2.2856022054355038e-18,385163.1637840377,3.6002958894961558e-09,0.0005003272509624917
9.911100000000008,-9.745338081456937e-10,0.20347257070378208,-0.20838286901671418,1.6390825380171e-18,385163.1637840377,2.63276313728702e-09,0.0004493251737928522
9.961100000000009,-8.414291603653603e-10,0.20347257067563831,-0.20836017032668327,1.221651976867102e-18,385163.1637840377,2.63276313728702e-09,0.0004493251737928522
10.01110000000001,-7.126378416278565e-10,0.20347257064840965,-0.20833770406799362,8.76105657011309e-19,385163.1637840377,1.9252349150852654e-09,0.0004035221044063453
10.06110000000001,-6.153027585925053e-10,0.20347257062783353,-0.20831731922482688,6.529974080187434e-19,385163.1637840377,1.9252349150852654e-09,0.0004035221044063453
10.111100000000011,-5.211219619370512e-10,0.2034725706079262,-0.20829714311960656,4.683045272013017e-19,385163.1637840377,1.4078428693686715e-09,0.00036238807417484866
10.161100000000012,-4.499443080075751e-10,0.20347257059288254,-0.20827883625612464,3.49052526519847e-19,385163.1637840377,1.4078428693686715e-09,0.00036238807417484866
10.211100000000012,-3.8107332941247817e-10,0.20347257057832774,-0.2082607168524159,2.5033109745047035e-19,385163.1637840377,1.0294927889521335e-09,0.00032544713665931774
10.261100000000013,-3.2902387123446386e-10,0.20347257056732884,-0.20824427614495625,1.8658809837758575e-19,385163.1637840377,1.0294927889521335e-09,0.00032544713665931774
10.311100000000014,-2.786612339351282e-10,0.20347257055668727,-0.20822800378812328,1.3381794605461912e-19,385163.1637840377,7.528201513030718e-10,0.0002922718611314741
10.361100000000015,-2.405996190387969e-10,0.20347257054864548,-0.20821323900566,9.974463089563627e-20,385163.1637840377,7.528201513030718e-10,0.0002922718611314741
10.411100000000015,-2.0377153182762664e-10,0.2034725705408649,-0.20819862541260342,7.153617461442257e-20,385163.1637840377,5.505009689993307e-10,0.0002624783873016625
10.461100000000016,-1.7593873684769943e-10,0.20347257053498513,-0.20818536571568833,5.33219853434195e-20,385163.1637840377,5.505009689993307e-10,0.0002624783873016625
10.511100000000017,-1.4900798339923378e-10,0.2034725705292963,-0.20817224179632324,3.8242624492512267e-20,385163.1637840377,4.0255384107136615e-10,0.00023572198407381502
10.561100000000017,-1.2865513564634364e-10,0.20347257052499723,-0.2081603337603861,2.850579657510213e-20,385163.1637840377,4.0255384107136615e-10,0.00023572198407381502
10.611100000000018,-1.0896192047726792e-10,0.20347257052083775,-0.2081485476611824,2.0444629502806457e-20,385163.1637840377,2.9436691447106975e-10,0.00021169306097149158
10.661100000000019,-9.407885377517772e-11,0.2034725705176944,-0.20813785350132283,1.5239445115299713e-20,385163.1637840377,2.9436691447106975e-10,0.00021169306097149158
10.71110000000002,-7.967815209981168e-11,0.20347257051465312,-0.20812726884827426,1.0929982170797424e-20,385163.1637840377,2.1525499512335957e-10,0.0001901135861054559
10.76110000000002,-6.879490054693296e-11,0.2034725705123548,-0.20811766482500801,8.147293452674228e-21,385163.1637840377,2.1525499512335957e-10,0.0001901135861054559
10.811100000000021,-5.82643834291748e-11,0.20347257051013107,-0.20810815914570274,5.843425366831768e-21,385163.1637840377,1.574043688585042e-10,0.00017073386925366458
10.861100000000022,-5.0306015666013174e-11,0.20347257050845058,-0.20809953413321794,4.355770965899389e-21,385163.1637840377,1.574043688585042e-10,0.00017073386925366458
10.911100000000022,-4.260558773361881e-11,0.20347257050682463,-0.20809099743975526,3.1240838478640837e-21,385163.1637840377,1.1510115957790503e-10,0.0001533296728431454
10.961100000000023,-3.6786049429688175e-11,0.20347257050559586,-0.20808325164011385,2.3287535399187333e-21,385163.1637840377,1.1510115957790503e-10,0.0001533296728431454
11.011100000000024,-3.1155131073231107e-11,0.20347257050440698,-0.2080755851564717,1.6702611939609344e-21,385163.1637840377,8.41670396179179e-11,0.00013769961741415393
11.061100000000025,-2.6899614070606298e-11,0.20347257050350853,-0.20806862894487965,1.2450542800782802e-21,385163.1637840377,8.41670396179179e-11,0.00013769961741415393
11.111100000000025,-2.2782026079281595e-11,0.20347257050263923,-0.20806174396400895,8.930013891205495e-22,385163.1637840377,6.154657634638529e-11,0.00012366285155277772
11.161100000000026,-1.967019885723394e-11,0.20347257050198228,-0.20805549685179522,6.656698178397454e-22,385163.1637840377,6.154657634638529e-11,0.00012366285155277772
11.211100000000027,-1.665923246669989e-11,0.20347257050134665,-0.2080493137092176,4.774473952003492e-22,385163.1637840377,4.5005469058464147e-11,0.00011105695933615818
11.261100000000027,-1.4383726207129856e-11,0.20347257050086628,-0.20804370341252323,3.559057003598009e-22,385163.1637840377,4.5005469058464147e-11,0.00011105695933615818
11.311100000000028,-1.2181974442503759e-11,0.20347257050040152,-0.20803815056455643,2.5527266534019273e-22,385163.1637840377,3.290987838147705e-11,9.973608108083045e-05
11.361100000000029,-1.0518025230080827e-11,0.20347257050005027,-0.20803311216795825,1.9029015728372878e-22,385163.1637840377,3.290987838147705e-11,9.973608108083045e-05
11.41110000000003,-8.908008892401867e-12,0.20347257049971043,-0.20802812536390422,1.3648608326564558e-22,385163.1637840377,2.406505707055549e-11,8.956922565268238e-05
11.46110000000003,-7.691258134906325e-12,0.2034725704994536,-0.20802360056929606,1.0174263224363323e-22,385163.1637840377,2.406505707055549e-11,8.956922565268238e-05
11.511100000000031,-6.513945648004052e-12,0.2034725704992051,-0.20801912210801343,7.297561366762273e-23,385163.1637840377,1.7597346497179064e-11,8.043875481247228e-05
11.561100000000032,-5.624206378117806e-12,0.20347257049901732,-0.20801505856005414,5.439951456235608e-23,385163.1637840377,1.7597346497179064e-11,8.043875481247228e-05
11.611100000000032,-4.7633061915240875e-12,0.2034725704988356,-0.20801103662231352,3.9018694250970254e-23,385163.1637840377,1.2867885255777372e-11,7.223902206089171e-05
11.661100000000033,-4.112692030849708e-12,0.2034725704986983,-0.20800738730263674,2.9086594312406434e-23,385163.1637840377,1.2867885255777372e-11,7.223902206089171e-05
11.711100000000034,-3.4831663079388985e-12,0.20347257049856543,-0.2080037753515337,2.086285949943384e-23,385163.1637840377,9.409507837609325e-12,6.487515023449385e-05
11.761100000000035,-3.0074106945752688e-12,0.203472570498465,-0.20800049803471027,1.5552392406256537e-23,385163.1637840377,9.409507837609325e-12,6.487515023449385e-05
11.811100000000035,-2.547075877416154e-12,0.20347257049836787,-0.20799725427719853,1.1155317763433267e-23,385163.1637840377,6.880601389005413e-12,5.8261933709491984e-05
11.861100000000036,-2.1991842129748044e-12,0.20347257049829445,-0.2079943110421565,8.315897119094119e-24,385163.1637840377,6.880601389005413e-12,5.8261933709491984e-05
11.911100000000037,-1.8625689019173336e-12,0.2034725704982234,-0.207991397945471,5.964834787334257e-24,385163.1637840377,5.031363272374511e-12,5.2322852510798776e-05
11.961100000000037,-1.6081766682296428e-12,0.20347257049816972,-0.2079887547367202,4.4466218706902965e-24,385163.1637840377,5.031363272374511e-12,5.2322852510798776e-05
12.011100000000038,-1.362030183332064e-12,0.20347257049811776,-0.20798613859409468,3.189519224017678e-24,385163.1637840377,3.679126829833314e-12,4.698918692014392e-05
12.061100000000039,-1.1760085616824274e-12,0.20347257049807851,-0.2079837648276789,2.377731514973101e-24,385163.1637840377,3.679126829833314e-12,4.698918692014392e-05
12.11110000000004,-9.960165762506457e-13,0.20347257049804052,-0.2079814153683329,1.7055527953318034e-24,385163.1637840377,2.6903183326958905e-12,4.219922233780091e-05
12.16110000000004,-8.599903090178126e-13,0.20347257049801182,-0.20797928357795034,1.271482088742333e-24,385163.1637840377,2.6903183326958905e-12,4.219922233780091e-05
12.211100000000041,-7.283731601015146e-13,0.20347257049798403,-0.20797717361683346,9.120574353899896e-25,385163.1637840377,1.967263017125728e-12,3.7897535199140526e-05
12.261100000000042,-6.289054923934568e-13,0.20347257049796305,-0.20797525913603054,6.799501901796495e-25,385163.1637840377,1.967263017125728e-12,3.7897535199140526e-05
12.311100000000042,-5.32661951115425e-13,0.20347257049794273,-0.2079733642592706,4.877550356193708e-25,385163.1637840377,1.438537027662964e-12,3.403435168206035e-05
12.361100000000043,-4.599273754716232e-13,0.20347257049792739,-0.20797164493603246,3.6363841004840837e-25,385163.1637840377,1.438537027662964e-12,3.403435168206035e-05
12.411100000000044,-3.895504104353119e-13,0.20347257049791254,-0.20796994321844836,2.60862381812282e-25,385163.1637840377,1.0519123096604996e-12,3.056497178668696e-05
12.461100000000044,-3.3636411735104745e-13,0.20347257049790132,-0.20796839915888293,1.9448987349277234e-25,385163.1637840377,1.0519123096604996e-12,3.056497178668696e-05
12.511100000000045,-2.8490180267651045e-13,0.20347257049789047,-0.2079668709102936,1.39528101663729e-25,385163.1637840377,7.691975943098149e-13,2.744925212230321e-05
12.561100000000046,-2.4600997162733863e-13,0.20347257049788225,-0.20796548424844422,1.0403295185640073e-25,385163.1637840377,7.691975943098149e-13,2.744925212230321e-05
12.611100000000047,-2.0837878129e-13,0.20347257049787432,-0.2079641117858381,7.46391620047283e-26,385163.1637840377,5.624658977561607e-13,2.465114141820945e-05
12.661100000000047,-1.7993961057673643e-13,0.20347257049786832,-0.20796286647696058,5.565550383650081e-26,385163.1637840377,5.624658977561607e-13,2.465114141820945e-05
12.711100000000048,-1.5242226939828442e-13,0.20347257049786252,-0.20796163391988967,3.993431738075969e-26,385163.1637840377,4.1129590424596345e-13,2.2138263382753806e-05
12.761100000000049,-1.3162648295431975e-13,0.20347257049785814,-0.2079605155548024,2.978045312136272e-26,385163.1637840377,4.1129590424596345e-13,2.2138263382753806e-05
12.81110000000005,-1.1150477383028114e-13,0.2034725704978539,-0.2079594086416333,2.1371108349604901e-26,385163.1637840377,3.007547476088016e-13,1.9881542085181805e-05
12.86110000000005,-9.629811982889608e-14,0.20347257049785067,-0.20795840427999188,1.5939384408269095e-26,385163.1637840377,3.007547476088016e-13,1.9881542085181805e-05
12.91110000000005,-8.158437697231038e-14,0.20347257049784756,-0.2079574102028876,1.1440520393446619e-26,385163.1637840377,2.1992293632543596e-13,1.7854865524793193e-05
12.961100000000052,-7.046470731059851e-14,0.2034725704978452,-0.20795650822345516,8.534366990210514e-27,385163.1637840377,2.1992293632543596e-13,1.7854865524793193e-05
13.011100000000052,-5.970547302049287e-14,0.20347257049784293,-0.2079556154801789,6.12706612773921e-27,385163.1637840377,1.608157177118269e-13,1.6034783495191454e-05
13.061100000000053,-5.157435954879543e-14,0.2034725704978412,-0.20795480544635947,4.571814330295506e-27,385163.1637840377,1.608157177118269e-13,1.6034783495191454e-05
13.111100000000054,-4.3706810040939304e-14,0.20347257049783954,-0.2079540037071847,3.283339335065473e-27,385163.1637840377,1.175943354086103e-13,1.4400236247445102e-05
13.161100000000054,-3.776104036616254e-14,0.2034725704978383,-0.20795327624626378,2.4507691933145997e-27,385163.1637840377,1.175943354086103e-13,1.4400236247445102e-05
13.211100000000055,-3.200799856538185e-14,0.20347257049783707,-0.2079525562344514,1.7608750526754755e-27,385163.1637840377,8.5989269090317e-14,1.2932310812619024e-05
13.261100000000056,-2.7660233457965226e-14,0.20347257049783615,-0.20795190292914642,1.3149839638549255e-27,385163.1637840377,8.5989269090317e-14,1.2932310812619024e-05
13.311100000000057,-2.3453398177197017e-14,0.20347257049783526,-0.20795125631360578,9.454044164839786e-28,385163.1637840377,6.287848437988873e-14,1.1614022164195622e-05
13.361100000000057,-2.027415313843577e-14,0.2034725704978346,-0.2079506696046717,7.064624249152286e-28,385163.1637840377,6.287848437988873e-14,1.1614022164195622e-05
13.411100000000058,-1.7197961233490682e-14,0.20347257049783396,-0.2079500889035635,5.083409876091319e-28,385163.1637840377,4.597903257259564e-14,1.0430116688443134e-05
13.461100000000059,-1.487318115178909e-14,0.20347257049783346,-0.20794956200232653,3.8019528912055697e-28,385163.1637840377,4.597903257259564e-14,1.0430116688443134e-05
13.51110000000006,-1.2623757340706349e-14,0.203472570497833,-0.2079490404964921,2.7388868660305444e-28,385163.1637840377,3.3621536321451246e-14,9.36689568813487e-06
13.56110000000006,-1.092379343786943e-14,0.20347257049783263,-0.2079485673062995,2.0508873202877264e-28,385163.1637840377,3.3621536321451246e-14,9.36689568813487e-06
13.61110000000006,-9.278932822411553e-15,0.20347257049783227,-0.2079480989615151,1.479752036165718e-28,385163.1637840377,2.458528484763443e-14,8.412056878344936e-06
13.661100000000062,-8.035857405312291e-15,0.20347257049783202,-0.20794767400719222,1.1098276831887127e-28,385163.1637840377,2.458528484763443e-14,8.412056878344936e-06
13.711100000000062,-6.8330755396188644e-15,0.20347257049783177,-0.2079472534043483,8.024570502998475e-29,385163.1637840377,1.7977649229867665e-14,7.55455203934101e-06
13.761100000000063,-5.924093681611289e-15,0.20347257049783157,-0.20794687176884669,6.031586973965468e-29,385163.1637840377,1.7977649229867665e-14,7.55455203934101e-06
13.811100000000064,-5.044575946598606e-15,0.20347257049783138,-0.2079464940412447,4.3735642508911345e-29,385163.1637840377,1.3145906269170699e-14,6.784459180404769e-06
13.861100000000064,-4.379895480537031e-15,0.20347257049783124,-0.2079461513087479,3.2969491096951106e-29,385163.1637840377,1.3145906269170699e-14,6.784459180404769e-06
13.911100000000065,-3.7367602591658975e-15,0.2034725704978311,-0.20794581208578888,2.3997931206726463e-29,385163.1637840377,9.612760760379639e-15,6.092867734632924e-06
13.961100000000066,-3.250721859458213e-15,0.203472570497831,-0.20794550429061823,1.8161079964512967e-29,385163.1637840377,9.612760760379639e-15,6.092867734632924e-06
14.011100000000067,-2.7804381289590943e-15,0.20347257049783088,-0.2079451996472315,1.3286397632513937e-29,385163.1637840377,7.029196950065846e-15,5.471775456872483e-06
14.061100000000067,-2.4250292952699664e-15,0.2034725704978308,-0.20794492322796,1.0106798309032376e-29,385163.1637840377,7.029196950065846e-15,5.471775456872483e-06
14.111100000000068,-2.0811408493855858e-15,0.2034725704978307,-0.20794464963918716,7.443572538820777e-30,385163.1637840377,5.1400017571269e-15,4.913995831577767e-06
14.161100000000069,-1.8212530896942083e-15,0.20347257049783066,-0.20794440139743114,5.700566858150516e-30,385163.1637840377,5.1400017571269e-15,4.913995831577767e-06
14.21110000000007,-1.5697894562130696e-15,0.2034725704978306,-0.20794415569763958,4.235056705159547e-30,385163.1637840377,3.758554066825539e-15,4.4130749192607975e-06
14.26110000000007,-1.3797501629945345e-15,0.20347257049783057,-0.20794393276105091,3.271721975499558e-30,385163.1637840377,3.758554066825539e-15,4.4130749192607975e-06
14.31110000000007,-1.195870896430789e-15,0.20347257049783055,-0.20794371210730495,2.457780842533281e-30,385163.1637840377,2.7483897270602137e-15,3.963216679525527e-06
14.361100000000071,-1.056907326270937e-15,0.20347257049783052,-0.20794351189633575,1.9197626665358146e-30,385163.1637840377,2.7483897270602137e-15,3.963216679525527e-06
14.411100000000072,-9.22448190673697e-16,0.2034725704978305,-0.2079433137355018,1.4623686360145581e-30,385163.1637840377,2.009721192173303e-15,3.5592159064120663e-06
14.461100000000073,-8.208330327116912e-16,0.20347257049783046,-0.20794313393355712,1.1579286432487153e-30,385163.1637840377,2.009721192173303e-15,3.5592159064120663e-06
14.511100000000074,-7.225116801740808e-16,0.20347257049783044,-0.2079429559727618,8.971419147939325e-31,385163.1637840377,1.4695801899185782e-15,3.1963980001266216e-06
14.561100000000074,-6.4820702762802885e-16,0.2034725704978304,-0.20794279449939476,7.221014196113559e-31,385163.1637840377,1.4695801899185782e-15,3.1963980001266216e-06
14.611100000000075,-5.763109245418674e-16,0.20347257049783038,-0.20794263467949475,5.707997380312106e-31,385163.1637840377,1.0746096775608036e-15,2.8705648782780173e-06
14.661100000000076,-5.219766970185747e-16,0.20347257049783038,-0.20794248966633427,4.682434219238985e-31,385163.1637840377,1.0746096775608036e-15,2.8705648782780173e-06
14.711100000000076,-4.694036877185678e-16,0.20347257049783038,-0.20794234613809037,3.7867082856517655e-31,385163.1637840377,7.857930562225296e-16,2.5779464009222945e-06
14.761100000000077,-4.2967255337919304e-16,0.20347257049783038,-0.2079422159072226,3.1728061379359533e-31,385163.1637840377,7.857930562225296e-16,2.5779464009222945e-06
14.811100000000078,-3.912292852440415e-16,0.20347257049783038,-0.20794208700990255,2.630452631762093e-31,385163.1637840377,5.745999798914751e-16,2.315156747133363e-06
14.861100000000079,-3.621764574621318e-16,0.20347257049783038,-0.20794197005445608,2.2542792713478057e-31,385163.1637840377,5.745999798914751e-16,2.315156747133363e-06
14.91110000000008,-3.340653637871159e-16,0.20347257049783038,-0.20794185429661874,1.9179165243255028e-31,385163.1637840377,4.201680305082544e-16,2.0791552383896716e-06
14.96110000000008,-3.1282089717896167e-16,0.20347257049783038,-0.20794174926332912,1.6817362165944893e-31,385163.1637840377,4.201680305082544e-16,2.0791552383896716e-06
15.01110000000008,-2.9226506039904013e-16,0.20347257049783038,-0.2079416453055672,1.4679786093751063e-31,385163.1637840377,3.0724185629325985e-16,1.8672111556464124e-06
15.061100000000081,-2.7673034760487363e-16,0.20347257049783038,-0.2079415509791184,1.3160703695229804e-31,385163.1637840377,3.0724185629325985e-16,1.8672111556464124e-06
15.111100000000082,-2.616991856684315e-16,0.20347257049783038,-0.20794145761856062,1.1769821777495586e-31,385163.1637840377,2.246661948802327e-16,1.6768721427709384e-06
15.161100000000083,-2.5033964952318984e-16,0.20347257049783038,-0.20794137290752307,1.0770207488827032e-31,385163.1637840377,2.246661948802327e-16,1.6768721427709384e-06
15.211100000000084,-2.3934832782920116e-16,0.20347257049783038,-0.20794128906391593,9.845215698013365e-32,385163.1637840377,1.6428391721808533e-16,1.5059358309263866e-06
15.261100000000084,-2.3104183037529197e-16,0.20347257049783038,-0.20794121298811774,9.173717356596188e-32,385163.1637840377,1.6428391721808533e-16,1.5059358309263866e-06
15.311100000000085,-2.230045845246016e-16,0.20347257049783038,-0.2079411376913262,8.546560878626777e-32,385163.1637840377,1.20130237396459e-16,1.3524243554472932e-06
15.361100000000086,-2.1693057820346491e-16,0.20347257049783038,-0.20794106937051185,8.087328238240842e-32,385163.1637840377,1.20130237396459e-16,1.3524243554472932e-06
15.411100000000086,-2.1105345829494277e-16,0.20347257049783038,-0.20794100174929409,7.655052713707336e-32,385163.1637840377,8.784348975114975e-17,1.2145614704720034e-06
15.461100000000087,-2.0661192929714714e-16,0.20347257049783038,-0.20794094039293917,7.336244042044253e-32,385163.1637840377,8.784348975114975e-17,1.2145614704720034e-06
15.511100000000088,-2.0231437068648262e-16,0.20347257049783038,-0.20794087966486566,7.034224014302881e-32,385163.1637840377,6.423426781659031e-17,1.0907519962925636e-06
15.561100000000089,-1.9906656740678223e-16,0.20347257049783038,-0.20794082456302995,6.810188851938834e-32,385163.1637840377,6.423426781659031e-17,1.0907519962925636e-06
15.61110000000009,-1.9592404041812243e-16,0.20347257049783038,-0.20794077002543013,6.596867007549135e-32,385163.1637840377,4.697036319372532e-17,9.795633620238897e-07
15.66110000000009,-1.9354913196689297e-16,0.20347257049783038,-0.207940720540543,6.437904368385825e-32,385163.1637840377,4.697036319372532e-17,9.795633620238897e-07
15.71110000000009,-1.912512052966935e-16,0.20347257049783038,-0.2079406715623749,6.285939871095447e-32,385163.1637840377,3.4346381502254395e-17,8.797090296410794e-07
15.761100000000091,-1.89514588643806e-16,0.20347257049783038,-0.2079406271218581,6.172299189133749e-32,385163.1637840377,3.4346381502254395e-17,8.797090296410794e-07
15.811100000000092,-1.8783426381286014e-16,0.20347257049783038,-0.20794058313640662,6.063328881423623e-32,385163.1637840377,2.5115277274264348e-17,7.900336076704809e-07
15.861100000000093,-1.8656438883173116e-16,0.20347257049783038,-0.20794054322604918,5.981620061204185e-32,385163.1637840377,2.5115277274264348e-17,7.900336076704809e-07
15.911100000000094,-1.8533567643405607e-16,0.20347257049783038,-0.2079405037243688,5.903087416621665e-32,385163.1637840377,1.8365166210903177e-17,7.094994824672533e-07
15.961100000000094,-1.844070995412089e-16,0.20347257049783038,-0.2079404678823772,5.844081772177839e-32,385163.1637840377,1.8365166210903177e-17,7.094994824672533e-07
16.011100000000095,-1.835086221916892e-16,0.20347257049783038,-0.20794043240740306,5.787270883226036e-32,385163.1637840377,1.3429245878176546e-17,6.371748122104461e-07
16.061100000000096,-1.8282961455956261e-16,0.20347257049783038,-0.20794040021905782,5.744520911091659e-32,385163.1637840377,1.3429245878176546e-17,6.371748122104461e-07
16.111100000000096,-1.8217261678062816e-16,0.20347257049783038,-0.2079403683603172,5.703307499687385e-32,385163.1637840377,9.819926485186161e-18,5.722227448189887e-07
16.161100000000097,-1.816761030181556e-16,0.20347257049783038,-0.20794033945317444,5.672259416261036e-32,385163.1637840377,9.819926485186161e-18,5.722227448189887e-07
16.211100000000098,-1.8119568363875785e-16,0.20347257049783038,-0.2079403108420372,5.642298388872475e-32,385163.1637840377,7.180664945388071e-18,5.13891734925128e-07
16.2611000000001,-1.8083261582967425e-16,0.20347257049783038,-0.20794028488161903,5.619708317867234e-32,385163.1637840377,7.180664945388071e-18,5.13891734925128e-07
16.3111000000001,-1.8048131680105224e-16,0.20347257049783038,-0.2079402591870323,5.597893607770027e-32,385163.1637840377,5.250744214638694e-18,4.6150684784907885e-07
16.3611000000001,-1.8021582936323506e-16,0.20347257049783038,-0.20794023587295668,5.581435502032811e-32,385163.1637840377,5.250744214638694e-18,4.6150684784907885e-07
16.4111000000001,-1.7995894767125558e-16,0.20347257049783038,-0.2079402127976143,5.565533923917992e-32,385163.1637840377,3.839518680561341e-18,4.14461950115532e-07
16.4611000000001,-1.7976481441632232e-16,0.20347257049783038,-0.20794019186011947,5.553531485781329e-32,385163.1637840377,3.839518680561341e-18,4.14461950115532e-07
16.511100000000102,-1.79576973983872e-16,0.20347257049783038,-0.20794017113702196,5.541930416644457e-32,385163.1637840377,2.8075814684089932e-18,3.722126960732649e-07
16.561100000000103,-1.7943501739231587e-16,0.20347257049783038,-0.20794015233384497,5.533171025790059e-32,385163.1637840377,2.8075814684089932e-18,3.722126960732649e-07
16.611100000000103,-1.7929766233161099e-16,0.20347257049783038,-0.20794013372321016,5.524702145094864e-32,385163.1637840377,2.052993300585205e-18,3.3427022932712447e-07
16.661100000000104,-1.7919385912207633e-16,0.20347257049783038,-0.20794011683678382,5.518306120193695e-32,385163.1637840377,2.052993300585205e-18,3.3427022932712447e-07
16.711100000000105,-1.7909342071106063e-16,0.20347257049783038,-0.20794010012327235,5.512120931002344e-32,385163.1637840377,1.5012125456868774e-18,3.0019552638930807e-07
16.761100000000106,-1.7901751656484386e-16,0.20347257049783038,-0.20794008495820768,5.507448776065002e-32,385163.1637840377,1.5012125456868774e-18,3.0019552638930807e-07
16.811100000000106,-1.7894407287477935e-16,0.20347257049783038,-0.20794006994843137,5.502929938965481e-32,385163.1637840377,1.0977317099755957e-18,2.6959431668418314e-07
16.861100000000107,-1.7888856947286724e-16,0.20347257049783038,-0.20794005632925688,5.499516040826442e-32,385163.1637840377,1.0977317099755957e-18,2.6959431668418314e-07
16.911100000000108,-1.7883486524012083e-16,0.20347257049783038,-0.20794004284954104,5.496213798612488e-32,385163.1637840377,8.026929765106703e-19,2.421125206407824e-07
16.96110000000011,-1.7879427954848495e-16,0.20347257049783038,-0.20794003061867244,5.493718758128405e-32,385163.1637840377,8.026929765106703e-19,2.421125206407824e-07
17.01110000000011,-1.787550094697669e-16,0.20347257049783038,-0.20794001851304642,5.491305121242999e-32,385163.1637840377,5.869508948040275e-19,2.174321527862986e-07
17.06110000000011,-1.7872533210232523e-16,0.20347257049783038,-0.20794000752896313,5.489481331395297e-32,385163.1637840377,5.869508948040275e-19,2.174321527862986e-07
17.11110000000011,-1.786966167545816e-16,0.20347257049783038,-0.2079399966573555,5.487716937074647e-32,385163.1637840377,4.2919327874205066e-19,1.9526764224271557e-07
17.16110000000011,-1.7867491590887155e-16,0.20347257049783038,-0.20793998679296324,5.486383645169321e-32,385163.1637840377,4.2919327874205066e-19,1.9526764224271557e-07
17.211100000000112,-1.7865391852321308e-16,0.20347257049783038,-0.20793997702958114,5.485093716364047e-32,385163.1637840377,3.1383590426179286e-19,1.753625286019707e-07
17.261100000000113,-1.7863805036403555e-16,0.20347257049783038,-0.2079399681707413,5.484118913056307e-32,385163.1637840377,3.1383590426179286e-19,1.753625286019707e-07
17.311100000000113,-1.7862269659717375e-16,0.20347257049783038,-0.2079399594026149,5.483175781770455e-32,385163.1637840377,2.29483037089659e-19,1.574864943638865e-07
17.361100000000114,-1.786110934787981e-16,0.20347257049783038,-0.20793995144682387,5.482463024206639e-32,385163.1637840377,2.29483037089659e-19,1.574864943638865e-07
17.411100000000115,-1.785998664999392e-16,0.20347257049783038,-0.20793994357249915,5.481773407029798e-32,385163.1637840377,1.678017156578966e-19,1.414327000188204e-07
17.461100000000116,-1.7859138210664413e-16,0.20347257049783038,-0.2079399364277023,5.481252219031244e-32,385163.1637840377,1.678017156578966e-19,1.414327000188204e-07
17.511100000000116,-1.785831727577359e-16,0.20347257049783038,-0.2079399293560673,5.480747942007684e-32,385163.1637840377,1.2269858660006209e-19,1.2701539084064459e-07
17.561100000000117,-1.7857696886506967e-16,0.20347257049783038,-0.20793992293959387,5.480366813360953e-32,385163.1637840377,1.2269858660006209e-19,1.2701539084064459e-07
17.611100000000118,-1.7857096609264992e-16,0.20347257049783038,-0.20793991658882433,5.479998045429927e-32,385163.1637840377,8.971797750495493e-20,1.1406774746747703e-07
17.66110000000012,-1.7856642976324575e-16,0.20347257049783038,-0.20793991082643076,5.479719322885115e-32,385163.1637840377,8.971797750495493e-20,1.1406774746747703e-07
17.71110000000012,-1.7856204049832278e-16,0.20347257049783038,-0.2079399051230434,5.479449636347633e-32,385163.1637840377,6.560174626004089e-20,1.0243995572531751e-07
17.76110000000012,-1.78558723532546e-16,0.20347257049783038,-0.20793989994805437,5.479245793167145e-32,385163.1637840377,6.560174626004089e-20,1.0243995572531751e-07
17.81110000000012,-1.7855551410392985e-16,0.20347257049783038,-0.20793989482605657,5.479048556221931e-32,385163.1637840377,4.7967427213714786e-20,9.199747309193658e-08
17.86110000000012,-1.7855308876405102e-16,0.20347257049783038,-0.2079398901785935,5.478899467244914e-32,385163.1637840377,4.7967427213714786e-20,9.199747309193658e-08
17.911100000000122,-1.7855074205771118e-16,0.20347257049783038,-0.20793988557871984,5.478755208484422e-32,385163.1637840377,3.5072880196250934e-20,8.261947204129018e-08
17.961100000000123,-1.785489686918608e-16,0.20347257049783038,-0.20793988140500796,5.478646159107049e-32,385163.1637840377,3.5072880196250934e-20,8.261947204129018e-08
18.011100000000123,-1.78547252824339e-16,0.20347257049783038,-0.20793987727403437,5.478540641626033e-32,385163.1637840377,2.5644193517863464e-20,7.419744185982423e-08
18.061100000000124,-1.7854595619200544e-16,0.20347257049783038,-0.20793987352578064,5.478460872723621e-32,385163.1637840377,2.5644193517863464e-20,7.419744185982423e-08
18.111100000000125,-1.7854470160331453e-16,0.20347257049783038,-0.20793986981590853,5.478383686522472e-32,385163.1637840377,1.874984053071418e-20,6.66339331437762e-08
18.161100000000125,-1.7854375356371965e-16,0.20347257049783038,-0.20793986644974277,5.478325330885182e-32,385163.1637840377,1.874984053071418e-20,6.66339331437762e-08
18.211100000000126,-1.785428362668702e-16,0.20347257049783038,-0.2079398631180461,5.478268863949264e-32,385163.1637840377,1.3708658446736067e-20,5.984143031249029e-08
18.261100000000127,-1.7854214312010652e-16,0.20347257049783038,-0.20793986009501916,5.478226168799749e-32,385163.1637840377,1.3708658446736067e-20,5.984143031249029e-08
18.311100000000128,-1.7854147245257742e-16,0.20347257049783038,-0.20793985710294766,5.478184854908772e-32,385163.1637840377,1.0022559193358115e-20,5.374133888015104e-08
18.36110000000013,-1.7854096568300942e-16,0.20347257049783038,-0.20793985438808082,5.478153613503703e-32,385163.1637840377,1.0022559193358115e-20,5.374133888015104e-08
18.41110000000013,-1.7854047535019944e-16,0.20347257049783038,-0.20793985170101387,5.478123382305065e-32,385163.1637840377,7.327325215997185e-21,4.826307608609277e-08
18.46110000000013,-1.7854010485772033e-16,0.20347257049783038,-0.20793984926289402,5.478100518365625e-32,385163.1637840377,7.327325215997185e-21,4.826307608609277e-08
18.51110000000013,-1.7853974638361234e-16,0.20347257049783038,-0.2079398468497402,5.478078393301533e-32,385163.1637840377,5.3566296367278635e-21,4.3343254215683455e-08
18.56110000000013,-1.7853947553410856e-16,0.20347257049783038,-0.20793984466015644,5.478061657168551e-32,385163.1637840377,5.3566296367278635e-21,4.3343254215683455e-08
18.611100000000132,-1.7853921347217244e-16,0.20347257049783038,-0.20793984249299374,5.478045461493554e-32,385163.1637840377,3.915726532564013e-21,3.8924947182283455e-08
18.661100000000133,-1.785390154782566e-16,0.20347257049783038,-0.20793984052661088,5.478033207962008e-32,385163.1637840377,3.915726532564013e-21,3.8924947182283455e-08
18.711100000000133,-1.7853882390950033e-16,0.20347257049783038,-0.20793983858036352,5.478021349785539e-32,385163.1637840377,2.86221234776456e-21,3.495703172891674e-08
18.761100000000134,-1.7853867918398288e-16,0.20347257049783038,-0.20793983681442899,5.478012375657111e-32,385163.1637840377,2.86221234776456e-21,3.495703172891674e-08
18.811100000000135,-1.785385391562114e-16,0.20347257049783038,-0.2079398350665774,5.478003690765881e-32,385163.1637840377,2.091957970006055e-21,3.139359601568005e-08
18.861100000000135,-1.7853843337687278e-16,0.20347257049783038,-0.20793983348065798,5.477997116065264e-32,385163.1637840377,2.091957970006055e-21,3.139359601568005e-08
18.911100000000136,-1.7853833103219071e-16,0.20347257049783038,-0.20793983191097817,5.477990752991629e-32,385163.1637840377,1.5288217788876452e-21,2.8193408358915882e-08
18.961100000000137,-1.7853825372668088e-16,0.20347257049783038,-0.20793983048672357,5.477985934108683e-32,385163.1637840377,1.5288217788876452e-21,2.8193408358915882e-08
19.011100000000138,-1.785381789322628e-16,0.20347257049783038,-0.20793982907705316,5.477981270088972e-32,385163.1637840377,1.1171274744228731e-21,2.531944015482384e-08
19.06110000000014,-1.7853812244333595e-16,0.20347257049783038,-0.20793982779798365,5.477977736265247e-32,385163.1637840377,1.1171274744228731e-21,2.531944015482384e-08
19.11110000000014,-1.7853806779020336e-16,0.20347257049783038,-0.20793982653201165,5.477974315785789e-32,385163.1637840377,8.161636106294036e-22,2.2738437357958498e-08
19.16110000000014,-1.7853802651906635e-16,0.20347257049783038,-0.2079398253833274,5.477971722670027e-32,385163.1637840377,8.161636106294036e-22,2.2738437357958498e-08
19.21110000000014,-1.7853798658996329e-16,0.20347257049783038,-0.20793982424640553,5.47796921252824e-32,385163.1637840377,5.961614697258381e-22,2.0420535757642194e-08
19.26110000000014,-1.7853795644299037e-16,0.20347257049783038,-0.20793982321481538,5.477967308214546e-32,385163.1637840377,5.961614697258381e-22,2.0420535757642194e-08
19.311100000000142,-1.7853792727703336e-16,0.20347257049783038,-0.2079398221937886,5.47796546465765e-32,385163.1637840377,4.353539513151914e-22,1.8338915464207892e-08
19.361100000000143,-1.7853790526118893e-16,0.20347257049783038,-0.20793982126735627,5.477964064849586e-32,385163.1637840377,4.353539513151914e-22,1.8338915464207892e-08
19.411100000000143,-1.785378839624045e-16,0.20347257049783038,-0.2079398203504105,5.477962709543862e-32,385163.1637840377,3.1782493672892134e-22,1.646949055179457e-08
19.461100000000144,-1.785378678894061e-16,0.20347257049783038,-0.20793981951841647,5.477961679392936e-32,385163.1637840377,3.1782493672892134e-22,1.646949055179457e-08
19.511100000000145,-1.7853785234048368e-16,0.20347257049783038,-0.20793981869494194,5.477960681850702e-32,385163.1637840377,2.319366764348447e-22,1.4790630311077392e-08
19.561100000000145,-1.7853784061047927e-16,0.20347257049783038,-0.20793981794775937,5.477959922675072e-32,385163.1637840377,2.319366764348447e-22,1.4790630311077392e-08
19.611100000000146,-1.7853782926346092e-16,0.20347257049783038,-0.20793981720822785,5.477959187404411e-32,385163.1637840377,1.6917984740494624e-22,1.3282909043826796e-08
19.661100000000147,-1.7853782070684936e-16,0.20347257049783038,-0.20793981653721128,5.477958626976095e-32,385163.1637840377,1.6917984740494624e-22,1.3282909043826796e-08
19.711100000000148,-1.7853781243007802e-16,0.20347257049783038,-0.20793981587306581,5.477958084082206e-32,385163.1637840377,1.23332681033429e-22,1.1928881246747312e-08
19.761100000000148,-1.785378061918457e-16,0.20347257049783038,-0.20793981527045105,5.477957669524643e-32,385163.1637840377,1.23332681033429e-22,1.1928881246747312e-08
19.81110000000015,-1.785378001580514e-16,0.20347257049783038,-0.207939814674007,5.47795726783731e-32,385163.1637840377,8.984609401985488e-23,1.0712879792036513e-08
19.86110000000015,-1.7853779561319784e-16,0.20347257049783038,-0.20793981413282134,5.477956960429921e-32,385163.1637840377,8.984609401985488e-23,1.0712879792036513e-08
19.91110000000015,-1.78537791217665e-16,0.20347257049783038,-0.20793981359717734,5.477956662477543e-32,385163.1637840377,6.539407958688326e-23,9.62083459951345e-09
19.96110000000015,-1.7853778790936154e-16,0.20347257049783038,-0.20793981311115883,5.477956433857249e-32,385163.1637840377,6.539407958688326e-23,9.62083459951345e-09
20.01110000000015,-1.7853778471009253e-16,0.20347257049783038,-0.2079398126301171,5.47795621219013e-32,385163.1637840377,4.754494296945858e-23,8.640109858121073e-09
20.061100000000152,-1.7853778230446386e-16,0.20347257049783038,-0.20793981219364216,5.477956041572533e-32,385163.1637840377,4.754494296945858e-23,8.640109858121073e-09
20.111100000000153,-1.7853777997842664e-16,0.20347257049783038,-0.20793981176163667,5.47795587607459e-32,385163.1637840377,3.452090116944074e-23,7.759357854607225e-09
20.161100000000154,-1.7853777823148776e-16,0.20347257049783038,-0.20793981136965495,5.477955748221553e-32,385163.1637840377,3.452090116944074e-23,7.759357854607225e-09
20.211100000000155,-1.7853777654262464e-16,0.20347257049783038,-0.20793981098168707,5.47795562414376e-32,385163.1637840377,2.5022298650720933e-23,6.968387607927513e-09
20.261100000000155,-1.7853777527610543e-16,0.20347257049783038,-0.20793981062966302,5.477955527876916e-32,385163.1637840377,2.5022298650720933e-23,6.968387607927513e-09
20.311100000000156,-1.7853777405194163e-16,0.20347257049783038,-0.20793981028124364,5.477955434399002e-32,385163.1637840377,1.809907041457713e-23,6.258046958277599e-09
20.361100000000157,-1.7853777313561084e-16,0.20347257049783038,-0.20793980996510406,5.477955361511936e-32,385163.1637840377,1.809907041457713e-23,6.258046958277599e-09
20.411100000000157,-1.7853777225015155e-16,0.20347257049783038,-0.2079398096522017,5.477955290689826e-32,385163.1637840377,1.305675539063041e-23,5.620116703366867e-09
20.461100000000158,-1.7853777158889272e-16,0.20347257049783038,-0.20793980936828865,5.477955235153173e-32,385163.1637840377,1.305675539063041e-23,5.620116703366867e-09
20.51110000000016,-1.7853777095011817e-16,0.20347257049783038,-0.20793980908728282,5.477955181149395e-32,385163.1637840377,9.387772433926107e-24,5.047215543432037e-09
20.56110000000016,-1.7853777047448055e-16,0.20347257049783038,-0.20793980883231117,5.477955138528088e-32,385163.1637840377,9.387772433926107e-24,5.047215543432037e-09
20.61110000000016,-1.7853777001520337e-16,0.20347257049783038,-0.2079398085799504,5.477955097048399e-32,385163.1637840377,6.721170129708281e-24,4.532714540193744e-09
20.66110000000016,-1.7853776967449343e-16,0.20347257049783038,-0.20793980835096995,5.477955064076313e-32,385163.1637840377,6.721170129708281e-24,4.532714540193744e-09
20.71110000000016,-1.785377693456742e-16,0.20347257049783038,-0.2079398081243342,5.477955031957424e-32,385163.1637840377,4.785883706748946e-24,4.0706605268008775e-09
20.761100000000162,-1.7853776910290513e-16,0.20347257049783038,-0.20793980791869549,5.477955006225288e-32,385163.1637840377,4.785883706748946e-24,4.0706605268008775e-09
20.811100000000163,-1.7853776886876574e-16,0.20347257049783038,-0.20793980771516246,5.477954981133674e-32,385163.1637840377,3.383870469945709e-24,3.6557072021134687e-09
20.861100000000164,-1.785377686969652e-16,0.20347257049783038,-0.20793980753048605,5.477954960861064e-32,385163.1637840377,3.383870469945709e-24,3.6557072021134687e-09
20.911100000000165,-1.785377685314164e-16,0.20347257049783038,-0.20793980734770068,5.477954941071648e-32,385163.1637840377,2.370466503422243e-24,3.2830532056301307e-09
20.961100000000165,-1.785377684109274e-16,0.20347257049783038,-0.20793980718184973,5.477954924939533e-32,385163.1637840377,2.370466503422243e-24,3.2830532056301307e-09
21.011100000000166,-1.7853776829495727e-16,0.20347257049783038,-0.20793980701769707,5.477954909174231e-32,385163.1637840377,1.640024782722375e-24,2.9483866664003476e-09
21.061100000000167,-1.7853776821146534e-16,0.20347257049783038,-0.20793980686875257,5.477954896203227e-32,385163.1637840377,1.640024782722375e-24,2.9483866664003476e-09
21.111100000000167,-1.7853776813123054e-16,0.20347257049783038,-0.20793980672133325,5.477954883512393e-32,385163.1637840377,1.115414994415479e-24,2.6478352407500197e-09
21.161100000000168,-1.785377680743219e-16,0.20347257049783038,-0.20793980658757177,5.477954872972532e-32,385163.1637840377,1.115414994415479e-24,2.6478352407500197e-09
21.21110000000017,-1.7853776801975254e-16,0.20347257049783038,-0.20793980645518,5.47795486264854e-32,385163.1637840377,7.4034700686096e-25,2.3779212728993728e-09
21.26110000000017,-1.7853776798186012e-16,0.20347257049783038,-0.20793980633505388,5.477954853994119e-32,385163.1637840377,7.4034700686096e-25,2.3779212728993728e-09
21.31110000000017,-1.785377679456402e-16,0.20347257049783038,-0.20793980621615782,5.47795484550707e-32,385163.1637840377,4.737581819120222e-25,2.135521712552353e-09
21.36110000000017,-1.785377679212738e-16,0.20347257049783038,-0.20793980610827706,5.477954838327839e-32,385163.1637840377,4.737581819120222e-25,2.135521712552353e-09
21.41110000000017,-1.7853776789809619e-16,0.20347257049783038,-0.20793980600150097,5.477954831279702e-32,385163.1637840377,2.857109504655428e-25,1.9178317761381347e-09
21.461100000000172,-1.7853776788327985e-16,0.20347257049783038,-0.2079398059046173,5.47795482526591e-32,385163.1637840377,2.857109504655428e-25,1.9178317761381347e-09
21.511100000000173,-1.7853776786930205e-16,0.20347257049783038,-0.2079398058087257,5.477954819355888e-32,385163.1637840377,1.5439354573389822e-25,1.7223326050345835e-09
21.561100000000174,-1.785377678611631e-16,0.20347257049783038,-0.20793980572171814,5.477954814272205e-32,385163.1637840377,1.5439354573389822e-25,1.7223326050345835e-09
21.611100000000175,-1.785377678536097e-16,0.20347257049783038,-0.2079398056356015,5.477954809271352e-32,385163.1637840377,6.392801122332651e-26,1.5467621607841526e-09
21.661100000000175,-1.7853776785007877e-16,0.20347257049783038,-0.20793980555746325,5.477954804937719e-32,385163.1637840377,6.392801122332651e-26,1.5467621607841526e-09
21.711100000000176,-1.7853776784695123e-16,0.20347257049783038,-0.20793980548012514,5.477954800671034e-32,385163.1637840377,2.7683201322315067e-27,1.3890889350858007e-09
21.761100000000177,-1.7853776784654307e-16,0.20347257049783038,-0.20793980540995213,5.47795479694873e-32,385163.1637840377,2.7683201322315067e-27,1.3890889350858007e-09
21.811100000000177,-1.7853776784640763e-16,0.20347257049783038,-0.2079398053404977,5.477954793281074e-32,385163.1637840377,-3.7470856198076515e-26,1.2474885590062194e-09
21.861100000000178,-1.7853776784806138e-16,0.20347257049783038,-0.20793980527747796,5.477954790062125e-32,385163.1637840377,-3.7470856198076515e-26,1.2474885590062194e-09
21.91110000000018,-1.7853776784989457e-16,0.20347257049783038,-0.20793980521510352,5.477954786888248e-32,385163.1637840377,-6.286909412476576e-26,1.120322579568599e-09
21.96110000000018,-1.7853776785285706e-16,0.20347257049783038,-0.20793980515850785,5.477954784088112e-32,385163.1637840377,-6.286909412476576e-26,1.120322579568599e-09
22.01110000000018,-1.785377678559328e-16,0.20347257049783038,-0.20793980510249171,5.477954781325498e-32,385163.1637840377,-7.782554466517074e-26,1.0061195726054957e-09
22.06110000000018,-1.7853776785967356e-16,0.20347257049783038,-0.2079398050516653,5.477954778877151e-32,385163.1637840377,-7.782554466517074e-26,1.0061195726054957e-09
22.11110000000018,-1.7853776786348102e-16,0.20347257049783038,-0.2079398050013593,5.477954776460254e-32,385163.1637840377,-8.551517899783957e-26,9.035581696593967e-10
22.161100000000182,-1.7853776786763038e-16,0.20347257049783038,-0.20793980495571399,5.477954774309902e-32,385163.1637840377,-8.551517899783957e-26,9.035581696593967e-10
22.211100000000183,-1.7853776787181403e-16,0.20347257049783038,-0.20793980491053607,5.477954772186329e-32,385163.1637840377,-8.82220855035372e-26,8.11451604862339e-10
22.261100000000184,-1.7853776787611803e-16,0.20347257049783038,-0.20793980486954372,5.477954770290613e-32,385163.1637840377,-8.82220855035372e-26,8.11451604862339e-10
22.311100000000184,-1.785377678804341e-16,0.20347257049783038,-0.20793980482897115,5.477954768417783e-32,385163.1637840377,-8.758268236969493e-26,7.287341758632257e-10
22.361100000000185,-1.7853776788472176e-16,0.20347257049783038,-0.20793980479215748,5.477954766741283e-32,385163.1637840377,-8.758268236969493e-26,7.287341758632257e-10
22.411100000000186,-1.7853776788900656e-16,0.20347257049783038,-0.20793980475572077,5.4779547650844e-32,385163.1637840377,-8.476323583172343e-26,6.544487743700322e-10
22.461100000000187,-1.78537767893166e-16,0.20347257049783038,-0.2079398047226598,5.477954763597767e-32,385163.1637840377,-8.476323583172343e-26,6.544487743700322e-10
22.511100000000187,-1.7853776789731287e-16,0.20347257049783038,-0.20793980468993736,5.477954762128105e-32,385163.1637840377,-8.058940718704864e-26,5.877358522277852e-10
22.561100000000188,-1.7853776790127416e-16,0.20347257049783038,-0.20793980466024653,5.477954760806895e-32,385163.1637840377,-8.058940718704864e-26,5.877358522277852e-10
22.61110000000019,-1.7853776790521684e-16,0.20347257049783038,-0.20793980463085973,5.477954759500554e-32,385163.1637840377,-7.564053822062029e-26,5.278234571114316e-10
22.66110000000019,-1.7853776790893947e-16,0.20347257049783038,-0.20793980460419553,5.477954758324061e-32,385163.1637840377,-7.564053822062029e-26,5.278234571114316e-10
22.71110000000019,-1.7853776791264002e-16,0.20347257049783038,-0.20793980457780437,5.477954757160647e-32,385163.1637840377,-7.03183401190659e-26,4.740184222768783e-10
22.76110000000019,-1.7853776791610393e-16,0.20347257049783038,-0.20793980455385824,5.477954756111588e-32,385163.1637840377,-7.03183401190659e-26,4.740184222768783e-10
22.81110000000019,-1.785377679195441e-16,0.20347257049783038,-0.2079398045301573,5.477954755073818e-32,385163.1637840377,-6.489675442930746e-26,4.2569811926723667e-10
22.861100000000192,-1.785377679227432e-16,0.20347257049783038,-0.2079398045086522,5.477954754137092e-32,385163.1637840377,-6.489675442930746e-26,4.2569811926723667e-10
22.911100000000193,-1.7853776792591815e-16,0.20347257049783038,-0.2079398044873673,5.477954753210486e-32,385163.1637840377,-5.955846332590172e-26,3.823034772682787e-10
22.961100000000194,-1.7853776792885572e-16,0.20347257049783038,-0.20793980446805435,5.477954752373248e-32,385163.1637840377,-5.955846332590172e-26,3.823034772682787e-10
23.011100000000194,-1.785377679317695e-16,0.20347257049783038,-0.20793980444893917,5.477954751544806e-32,385163.1637840377,-5.442108147425e-26,3.4333236838477657e-10
23.061100000000195,-1.7853776793445486e-16,0.20347257049783038,-0.20793980443159496,5.477954750795845e-32,385163.1637840377,-5.442108147425e-26,3.4333236838477657e-10
23.111100000000196,-1.785377679371173e-16,0.20347257049783038,-0.20793980441442833,5.477954750054748e-32,385163.1637840377,-4.9556383628087534e-26,3.0833389364517064e-10
23.161100000000197,-1.7853776793956342e-16,0.20347257049783038,-0.20793980439885215,5.477954749384178e-32,385163.1637840377,-4.9556383628087534e-26,3.0833389364517064e-10
23.211100000000197,-1.7853776794198786e-16,0.20347257049783038,-0.20793980438343546,5.477954748720615e-32,385163.1637840377,-4.50040671598622e-26,2.7690309122264104e-10
23.261100000000198,-1.785377679442099e-16,0.20347257049783038,-0.20793980436944706,5.477954748120031e-32,385163.1637840377,-4.50040671598622e-26,2.7690309122264104e-10
23.3111000000002,-1.7853776794641162e-16,0.20347257049783038,-0.20793980435560191,5.477954747525674e-32,385163.1637840377,-4.0781597949137217e-26,2.486762639069048e-10
23.3611000000002,-1.785377679484256e-16,0.20347257049783038,-0.20793980434303946,5.477954746987365e-32,385163.1637840377,-4.0781597949137217e-26,2.486762639069048e-10
23.4111000000002,-1.7853776795042076e-16,0.20347257049783038,-0.20793980433060566,5.477954746454662e-32,385163.1637840377,-3.6891415377893465e-26,2.2332681323569783e-10
23.4611000000002,-1.7853776795224293e-16,0.20347257049783038,-0.2079398043193238,5.477954745972015e-32,385163.1637840377,-3.6891415377893465e-26,2.2332681323569783e-10
23.5111000000002,-1.7853776795404777e-16,0.20347257049783038,-0.20793980430815745,5.477954745494505e-32,385163.1637840377,-3.332606036433918e-26,2.0056141139938025e-10
23.561100000000202,-1.7853776795569408e-16,0.20347257049783038,-0.20793980429802564,5.477954745061678e-32,385163.1637840377,-3.332606036433918e-26,2.0056141139938025e-10
23.611100000000203,-1.7853776795732448e-16,0.20347257049783038,-0.20793980428799758,5.477954744633367e-32,385163.1637840377,-3.007166090570235e-26,1.8011667980522558e-10
23.661100000000204,-1.7853776795881018e-16,0.20347257049783038,-0.20793980427889858,5.477954744245147e-32,385163.1637840377,-3.007166090570235e-26,1.8011667980522558e-10
23.711100000000204,-1.7853776796028138e-16,0.20347257049783038,-0.20793980426989275,5.477954743860975e-32,385163.1637840377,-2.7110619496333915e-26,1.6175603652827236e-10
23.761100000000205,-1.785377679616209e-16,0.20347257049783038,-0.2079398042617213,5.477954743512612e-32,385163.1637840377,-2.7110619496333915e-26,1.6175603652827236e-10
23.811100000000206,-1.7853776796294723e-16,0.20347257049783038,-0.20793980425363348,5.47795474316783e-32,385163.1637840377,-2.4423380666928764e-26,1.4526702227409938e-10
23.861100000000206,-1.7853776796415407e-16,0.20347257049783038,-0.207939804246295,5.477954742855277e-32,385163.1637840377,-2.4423380666928764e-26,1.4526702227409938e-10
23.911100000000207,-1.7853776796534892e-16,0.20347257049783038,-0.20793980423903163,5.477954742545838e-32,385163.1637840377,-2.1989594526355852e-26,1.3045885152368354e-10
23.961100000000208,-1.7853776796643558e-16,0.20347257049783038,-0.2079398042324412,5.477954742265357e-32,385163.1637840377,-2.1989594526355852e-26,1.3045885152368354e-10
24.01110000000021,-1.7853776796751136e-16,0.20347257049783038,-0.20793980422591826,5.477954741987679e-32,385163.1637840377,-1.9788836543468798e-26,1.1716018886033943e-10
24.06110000000021,-1.785377679684893e-16,0.20347257049783038,-0.20793980421999964,5.477954741735845e-32,385163.1637840377,-1.9788836543468798e-26,1.1716018886033943e-10
24.11110000000021,-1.7853776796945743e-16,0.20347257049783038,-0.20793980421414163,5.477954741486582e-32,385163.1637840377,-1.7801450562672564e-26,1.0521715047874108e-10
24.16110000000021,-1.7853776797033718e-16,0.20347257049783038,-0.20793980420882635,5.477954741260593e-32,385163.1637840377,-1.7801450562672564e-26,1.0521715047874108e-10
24.21110000000021,-1.7853776797120809e-16,0.20347257049783038,-0.2079398042035655,5.477954741036785e-32,385163.1637840377,-1.600863682275152e-26,9.449158717154625e-11
24.261100000000212,-1.7853776797199926e-16,0.20347257049783038,-0.20793980419879204,5.47795474083384e-32,385163.1637840377,-1.600863682275152e-26,9.449158717154625e-11
24.311100000000213,-1.7853776797278246e-16,0.20347257049783038,-0.20793980419406746,5.477954740632995e-32,385163.1637840377,-1.4392720245960342e-26,8.485933916826059e-11
24.361100000000214,-1.7853776797349379e-16,0.20347257049783038,-0.20793980418978059,5.477954740450757e-32,385163.1637840377,-1.4392720245960342e-26,8.485933916826059e-11
24.411100000000214,-1.7853776797419792e-16,0.20347257049783038,-0.20793980418553762,5.477954740270387e-32,385163.1637840377,-1.2937250731283043e-26,7.620896948602591e-11
24.461100000000215,-1.7853776797483734e-16,0.20347257049783038,-0.20793980418168775,5.477954740106832e-32,385163.1637840377,-1.2937250731283043e-26,7.620896948602591e-11
24.511100000000216,-1.7853776797547028e-16,0.20347257049783038,-0.2079398041778773,5.477954739944912e-32,385163.1637840377,-1.1626954005188438e-26,6.844041283712798e-11
24.561100000000216,-1.7853776797604494e-16,0.20347257049783038,-0.20793980417441987,5.477954739798015e-32,385163.1637840377,-1.1626954005188438e-26,6.844041283712798e-11
24.611100000000217,-1.7853776797661376e-16,0.20347257049783038,-0.20793980417099786,5.477954739652597e-32,385163.1637840377,-1.0448001390284185e-26,6.146376527530538e-11
24.661100000000218,-1.7853776797713016e-16,0.20347257049783038,-0.20793980416789287,5.477954739520648e-32,385163.1637840377,-1.0448001390284185e-26,6.146376527530538e-11
24.71110000000022,-1.7853776797764132e-16,0.20347257049783038,-0.2079398041648197,5.477954739390099e-32,385163.1637840377,-9.387466035401984e-27,5.519829902414053e-11
24.76110000000022,-1.7853776797810532e-16,0.20347257049783038,-0.20793980416203123,5.477954739271695e-32,385163.1637840377,-9.387466035401984e-27,5.519829902414053e-11
24.81110000000022,-1.7853776797856458e-16,0.20347257049783038,-0.20793980415927132,5.477954739154459e-32,385163.1637840377,-8.433848415547816e-27,4.957153360097121e-11
24.86110000000022,-1.7853776797898145e-16,0.20347257049783038,-0.2079398041567671,5.47795473904812e-32,385163.1637840377,-8.433848415547816e-27,4.957153360097121e-11
24.91110000000022,-1.7853776797939405e-16,0.20347257049783038,-0.20793980415428853,5.477954738942794e-32,385163.1637840377,-7.576583396877538e-27,4.451833508856233e-11
24.961100000000222,-1.7853776797976853e-16,0.20347257049783038,-0.20793980415203958,5.477954738847277e-32,385163.1637840377,-7.576583396877538e-27,4.451833508856233e-11
25.011100000000223,-1.785377679801392e-16,0.20347257049783038,-0.20793980414981367,5.477954738752771e-32,385163.1637840377,-6.806040313977906e-27,3.998024058885973e-11
25.061100000000224,-1.785377679804756e-16,0.20347257049783038,-0.20793980414779398,5.477954738666984e-32,385163.1637840377,-6.806040313977906e-27,3.998024058885973e-11
25.111100000000224,-1.7853776798080857e-16,0.20347257049783038,-0.20793980414579497,5.477954738582131e-32,385163.1637840377,-6.113567731942348e-27,3.590475452898378e-11
25.161100000000225,-1.7853776798111076e-16,0.20347257049783038,-0.20793980414398117,5.477954738505064e-32,385163.1637840377,-6.113567731942348e-27,3.590475452898378e-11
25.211100000000226,-1.7853776798140986e-16,0.20347257049783038,-0.20793980414218594,5.477954738428852e-32,385163.1637840377,-5.491293220497692e-27,3.224472941050372e-11
25.261100000000226,-1.7853776798168127e-16,0.20347257049783038,-0.20793980414055702,5.477954738359724e-32,385163.1637840377,-5.491293220497692e-27,3.224472941050372e-11
25.311100000000227,-1.7853776798194993e-16,0.20347257049783038,-0.20793980413894478,5.47795473829122e-32,385163.1637840377,-4.932223569982159e-27,2.895777470647224e-11
25.361100000000228,-1.7853776798219371e-16,0.20347257049783038,-0.20793980413748192,5.477954738229098e-32,385163.1637840377,-4.932223569982159e-27,2.895777470647224e-11
25.41110000000023,-1.78537767982435e-16,0.20347257049783038,-0.20793980413603402,5.4779547381676e-32,385163.1637840377,-4.4299998549169966e-27,2.6005890940542156e-11
25.46110000000023,-1.7853776798265396e-16,0.20347257049783038,-0.20793980413472027,5.477954738111861e-32,385163.1637840377,-4.4299998549169966e-27,2.6005890940542156e-11
25.51110000000023,-1.785377679828707e-16,0.20347257049783038,-0.20793980413341998,5.477954738056591e-32,385163.1637840377,-3.978780401866712e-27,2.3354906731761264e-11
25.56110000000023,-1.7853776798306738e-16,0.20347257049783038,-0.20793980413224014,5.477954738006535e-32,385163.1637840377,-3.978780401866712e-27,2.3354906731761264e-11
25.61110000000023,-1.7853776798326203e-16,0.20347257049783038,-0.2079398041310724,5.477954737956947e-32,385163.1637840377,-3.573448825293531e-27,2.0974169169209497e-11
25.661100000000232,-1.7853776798343866e-16,0.20347257049783038,-0.20793980413001284,5.477954737911952e-32,385163.1637840377,-3.573448825293531e-27,2.0974169169209497e-11
25.711100000000233,-1.785377679836135e-16,0.20347257049783038,-0.20793980412896412,5.477954737867424e-32,385163.1637840377,-3.209367560045201e-27,1.8836093447834827e-11
25.761100000000233,-1.7853776798377213e-16,0.20347257049783038,-0.20793980412801258,5.477954737827022e-32,385163.1637840377,-3.209367560045201e-27,1.8836093447834827e-11
25.811100000000234,-1.7853776798392913e-16,0.20347257049783038,-0.20793980412707078,5.477954737787086e-32,385163.1637840377,-2.882362473235692e-27,1.691599398189171e-11
25.861100000000235,-1.785377679840716e-16,0.20347257049783038,-0.20793980412621624,5.47795473775081e-32,385163.1637840377,-2.882362473235692e-27,1.691599398189171e-11
25.911100000000236,-1.785377679842126e-16,0.20347257049783038,-0.20793980412537044,5.477954737714845e-32,385163.1637840377,-2.5886736119592983e-27,1.519163404077698e-11
25.961100000000236,-1.7853776798434055e-16,0.20347257049783038,-0.207939804124603,5.477954737682305e-32,385163.1637840377,-2.5886736119592983e-27,1.519163404077698e-11
26.011100000000237,-1.7853776798446719e-16,0.20347257049783038,-0.2079398041238434,5.477954737650076e-32,385163.1637840377,-2.3249228702078743e-27,1.3643028714708046e-11
26.061100000000238,-1.7853776798458211e-16,0.20347257049783038,-0.20793980412315421,5.477954737620729e-32,385163.1637840377,-2.3249228702078743e-27,1.3643028714708046e-11
26.11110000000024,-1.7853776798469586e-16,0.20347257049783038,-0.20793980412247207,5.477954737591769e-32,385163.1637840377,-2.0879429823919835e-27,1.22523041759216e-11
26.16110000000024,-1.7853776798479905e-16,0.20347257049783038,-0.20793980412185312,5.477954737565613e-32,385163.1637840377,-2.0879429823919835e-27,1.22523041759216e-11
26.21110000000024,-1.785377679849012e-16,0.20347257049783038,-0.2079398041212405,5.477954737539535e-32,385163.1637840377,-1.875148884494732e-27,1.100333175779028e-11
26.26110000000024,-1.785377679849939e-16,0.20347257049783038,-0.20793980412068463,5.477954737515947e-32,385163.1637840377,-1.875148884494732e-27,1.100333175779028e-11
26.31110000000024,-1.7853776798508563e-16,0.20347257049783038,-0.20793980412013446,5.477954737492516e-32,385163.1637840377,-1.6840354379823574e-27,9.88167165930216e-12
26.361100000000242,-1.7853776798516888e-16,0.20347257049783038,-0.20793980411963528,5.477954737471341e-32,385163.1637840377,-1.6840354379823574e-27,9.88167165930216e-12
26.411100000000243,-1.7853776798525126e-16,0.20347257049783038,-0.2079398041191412,5.4779547374504e-32,385163.1637840377,-1.5123669638510523e-27,8.874375910738934e-12
26.461100000000243,-1.78537767985326e-16,0.20347257049783038,-0.2079398041186929,5.477954737431406e-32,385163.1637840377,-1.5123669638510523e-27,8.874375910738934e-12
26.511100000000244,-1.785377679854e-16,0.20347257049783038,-0.20793980411824917,5.477954737412489e-32,385163.1637840377,-1.3582589310369925e-27,7.969735043833624e-12
26.561100000000245,-1.7853776798546712e-16,0.20347257049783038,-0.20793980411784654,5.477954737395441e-32,385163.1637840377,-1.3582589310369925e-27,7.969735043833624e-12
26.611100000000246,-1.7853776798553358e-16,0.20347257049783038,-0.20793980411744806,5.477954737378548e-32,385163.1637840377,-1.2198127968788372e-27,7.157306239530814e-12
26.661100000000246,-1.7853776798559388e-16,0.20347257049783038,-0.20793980411708649,5.477954737363134e-32,385163.1637840377,-1.2198127968788372e-27,7.157306239530814e-12
26.711100000000247,-1.7853776798565356e-16,0.20347257049783038,-0.20793980411672863,5.477954737347954e-32,385163.1637840377,-1.09544112663264e-27,6.427716293664867e-12
26.761100000000248,-1.785377679857077e-16,0.20347257049783038,-0.20793980411640392,5.477954737334175e-32,385163.1637840377,-1.09544112663264e-27,6.427716293664867e-12
26.81110000000025,-1.785377679857613e-16,0.20347257049783038,-0.20793980411608254,5.477954737320552e-32,385163.1637840377,-9.838029015459728e-28,5.772492730398373e-12
26.86110000000025,-1.7853776798580993e-16,0.20347257049783038,-0.20793980411579094,5.477954737308175e-32,385163.1637840377,-9.838029015459728e-28,5.772492730398373e-12
26.91110000000025,-1.7853776798585805e-16,0.20347257049783038,-0.2079398041155023,5.477954737295875e-32,385163.1637840377,-8.835200219701125e-28,5.184063802222153e-12
26.96110000000025,-1.7853776798590173e-16,0.20347257049783038,-0.20793980411524043,5.477954737284821e-32,385163.1637840377,-8.835200219701125e-28,5.184063802222153e-12
27.01110000000025,-1.7853776798594494e-16,0.20347257049783038,-0.20793980411498122,5.477954737273845e-32,385163.1637840377,-7.934500351403787e-28,4.655617751153971e-12
27.061100000000252,-1.7853776798598417e-16,0.20347257049783038,-0.20793980411474602,5.477954737263803e-32,385163.1637840377,-7.934500351403787e-28,4.655617751153971e-12
27.111100000000253,-1.78537767986023e-16,0.20347257049783038,-0.20793980411451324,5.477954737253916e-32,385163.1637840377,-7.1254901862422145e-28,4.1810183654577626e-12
27.161100000000253,-1.7853776798605822e-16,0.20347257049783038,-0.20793980411430202,5.477954737244964e-32,385163.1637840377,-7.1254901862422145e-28,4.1810183654577626e-12
27.211100000000254,-1.7853776798609308e-16,0.20347257049783038,-0.20793980411409296,5.477954737236089e-32,385163.1637840377,-6.399085581761535e-28,3.754804979643636e-12
27.261100000000255,-1.785377679861247e-16,0.20347257049783038,-0.20793980411390328,5.477954737227993e-32,385163.1637840377,-6.399085581761535e-28,3.754804979643636e-12
27.311100000000256,-1.7853776798615601e-16,0.20347257049783038,-0.20793980411371554,5.477954737220053e-32,385163.1637840377,-5.746710229204101e-28,3.372051735666585e-12
27.361100000000256,-1.7853776798618441e-16,0.20347257049783038,-0.2079398041135452,5.477954737212891e-32,385163.1637840377,-5.746710229204101e-28,3.372051735666585e-12
27.411100000000257,-1.7853776798621252e-16,0.20347257049783038,-0.2079398041133766,5.477954737205651e-32,385163.1637840377,-5.161559127953858e-28,3.0283112874059777e-12
27.461100000000258,-1.7853776798623803e-16,0.20347257049783038,-0.2079398041132236,5.47795473719919e-32,385163.1637840377,-5.161559127953858e-28,3.0283112874059777e-12
27.51110000000026,-1.7853776798626327e-16,0.20347257049783038,-0.2079398041130722,5.477954737192729e-32,385163.1637840377,-4.635393838108887e-28,2.719614800665552e-12
27.56110000000026,-1.7853776798628618e-16,0.20347257049783038,-0.2079398041129348,5.47795473718689e-32,385163.1637840377,-4.635393838108887e-28,2.719614800665552e-12
27.61110000000026,-1.7853776798630886e-16,0.20347257049783038,-0.20793980411279883,5.47795473718113e-32,385163.1637840377,-4.1630877717514375e-28,2.442387509892646e-12
27.66110000000026,-1.7853776798632944e-16,0.20347257049783038,-0.20793980411267546,5.477954737175914e-32,385163.1637840377,-4.1630877717514375e-28,2.442387509892646e-12
27.71110000000026,-1.785377679863498e-16,0.20347257049783038,-0.20793980411255333,5.477954737170699e-32,385163.1637840377,-3.7386356983035784e-28,2.1934205704179433e-12
27.761100000000262,-1.785377679863683e-16,0.20347257049783038,-0.20793980411244253,5.47795473716595e-32,385163.1637840377,-3.7386356983035784e-28,2.1934205704179433e-12
27.811100000000263,-1.7853776798638658e-16,0.20347257049783038,-0.20793980411233287,5.477954737161357e-32,385163.1637840377,-3.3570797066720154e-28,1.969842910695211e-12
27.861100000000263,-1.7853776798640317e-16,0.20347257049783038,-0.20793980411223337,5.477954737157153e-32,385163.1637840377,-3.3570797066720154e-28,1.969842910695211e-12
27.911100000000264,-1.785377679864196e-16,0.20347257049783038,-0.20793980411213486,5.477954737152949e-32,385163.1637840377,-3.015110191992016e-28,1.769036789020533e-12
27.961100000000265,-1.785377679864345e-16,0.20347257049783038,-0.2079398041120455,5.477954737149213e-32,385163.1637840377,-3.015110191992016e-28,1.769036789020533e-12
28.011100000000265,-1.7853776798644925e-16,0.20347257049783038,-0.20793980411195703,5.477954737145399e-32,385163.1637840377,-2.707706969403546e-28,1.5886940890528199e-12
28.061100000000266,-1.7853776798646263e-16,0.20347257049783038,-0.20793980411187676,5.477954737141973e-32,385163.1637840377,-2.707706969403546e-28,1.5886940890528199e-12
28.111100000000267,-1.7853776798647587e-16,0.20347257049783038,-0.20793980411179733,5.477954737138625e-32,385163.1637840377,-2.431945008222657e-28,1.4267318765330413e-12
28.161100000000268,-1.785377679864879e-16,0.20347257049783038,-0.20793980411172525,5.47795473713559e-32,385163.1637840377,-2.431945008222657e-28,1.4267318765330413e-12
28.21110000000027,-1.785377679864998e-16,0.20347257049783038,-0.20793980411165391,5.477954737132554e-32,385163.1637840377,-2.1835431654811445e-28,1.2812923992842239e-12
28.26110000000027,-1.785377679865106e-16,0.20347257049783038,-0.2079398041115892,5.477954737129829e-32,385163.1637840377,-2.1835431654811445e-28,1.2812923992842239e-12
28.31110000000027,-1.7853776798652128e-16,0.20347257049783038,-0.20793980411152513,5.477954737127026e-32,385163.1637840377,-1.9609626292490555e-28,1.150686791690937e-12
28.36110000000027,-1.7853776798653097e-16,0.20347257049783038,-0.207939804111467,5.477954737124613e-32,385163.1637840377,-1.9609626292490555e-28,1.150686791690937e-12
28.41110000000027,-1.7853776798654056e-16,0.20347257049783038,-0.20793980411140947,5.477954737122122e-32,385163.1637840377,-1.7613393545921435e-28,1.0333950746992936e-12
28.461100000000272,-1.7853776798654926e-16,0.20347257049783038,-0.20793980411135726,5.477954737119942e-32,385163.1637840377,-1.7613393545921435e-28,1.0333950746992936e-12
28.511100000000273,-1.785377679865579e-16,0.20347257049783038,-0.20793980411130558,5.477954737117762e-32,385163.1637840377,-1.5816704686180357e-28,9.280380080566917e-13
28.561100000000273,-1.785377679865657e-16,0.20347257049783038,-0.2079398041112587,5.477954737115739e-32,385163.1637840377,-1.5816704686180357e-28,9.280380080566917e-13
28.611100000000274,-1.7853776798657345e-16,0.20347257049783038,-0.2079398041112123,5.477954737113793e-32,385163.1637840377,-1.4203857649100018e-28,8.334333858323303e-13
28.661100000000275,-1.7853776798658047e-16,0.20347257049783038,-0.2079398041111702,5.477954737112002e-32,385163.1637840377,-1.4203857649100018e-28,8.334333858323303e-13
28.711100000000275,-1.7853776798658742e-16,0.20347257049783038,-0.20793980411112853,5.477954737110212e-32,385163.1637840377,-1.2754373098238263e-28,7.484834453761796e-13
28.761100000000276,-1.7853776798659373e-16,0.20347257049783038,-0.20793980411109073,5.477954737108577e-32,385163.1637840377,-1.2754373098238263e-28,7.484834453761796e-13
28.811100000000277,-1.7853776798659997e-16,0.20347257049783038,-0.2079398041110533,5.47795473710702e-32,385163.1637840377,-1.1453317087375728e-28,6.722030150792383e-13
28.861100000000278,-1.7853776798660564e-16,0.20347257049783038,-0.20793980411101937,5.477954737105618e-32,385163.1637840377,-1.1453317087375728e-28,6.722030150792383e-13
28.91110000000028,-1.7853776798661124e-16,0.20347257049783038,-0.20793980411098575,5.477954737104139e-32,385163.1637840377,-1.028467618351141e-28,6.036913666132772e-13
28.96110000000028,-1.7853776798661631e-16,0.20347257049783038,-0.20793980411095525,5.477954737102894e-32,385163.1637840377,-1.028467618351141e-28,6.036913666132772e-13
29.01110000000028,-1.7853776798662134e-16,0.20347257049783038,-0.20793980411092505,5.477954737101571e-32,385163.1637840377,-9.239985633013537e-29,5.421322149308378e-13
29.06110000000028,-1.785377679866259e-16,0.20347257049783038,-0.20793980411089766,5.47795473710048e-32,385163.1637840377,-9.239985633013537e-29,5.421322149308378e-13
29.11110000000028,-1.7853776798663042e-16,0.20347257049783038,-0.20793980411087054,5.477954737099236e-32,385163.1637840377,-8.303229426847032e-29,4.868500137857484e-13
29.161100000000282,-1.785377679866345e-16,0.20347257049783038,-0.20793980411084595,5.477954737098223e-32,385163.1637840377,-8.303229426847032e-29,4.868500137857484e-13
29.211100000000283,-1.7853776798663858e-16,0.20347257049783038,-0.2079398041108216,5.477954737097211e-32,385163.1637840377,-7.456850168012793e-29,4.3722551245235086e-13
29.261100000000283,-1.7853776798664227e-16,0.20347257049783038,-0.20793980411079951,5.477954737096199e-32,385163.1637840377,-7.456850168012793e-29,4.3722551245235086e-13
29.311100000000284,-1.7853776798664592e-16,0.20347257049783038,-0.20793980411077764,5.477954737095265e-32,385163.1637840377,-6.69315122082698e-29,3.926394602049874e-13
29.361100000000285,-1.7853776798664923e-16,0.20347257049783038,-0.2079398041107578,5.477954737094487e-32,385163.1637840377,-6.69315122082698e-29,3.926394602049874e-13
29.411100000000285,-1.785377679866525e-16,0.20347257049783038,-0.20793980411073817,5.477954737093708e-32,385163.1637840377,-6.011675836175351e-29,3.526133451192862e-13
29.461100000000286,-1.7853776798665549e-16,0.20347257049783038,-0.20793980411072036,5.47795473709293e-32,385163.1637840377,-6.011675836175351e-29,3.526133451192862e-13
29.511100000000287,-1.7853776798665842e-16,0.20347257049783038,-0.20793980411070273,5.477954737092151e-32,385163.1637840377,-5.397176122970771e-29,3.166686552708751e-13
29.561100000000287,-1.7853776798666108e-16,0.20347257049783038,-0.20793980411068674,5.477954737091451e-32,385163.1637840377,-5.397176122970771e-29,3.166686552708751e-13
29.611100000000288,-1.7853776798666372e-16,0.20347257049783038,-0.20793980411067092,5.47795473709075e-32,385163.1637840377,-4.8481158453173634e-29,2.8441132201615385e-13
29.66110000000029,-1.785377679866661e-16,0.20347257049783038,-0.20793980411065655,5.477954737090205e-32,385163.1637840377,-4.8481158453173634e-29,2.8441132201615385e-13
29.71110000000029,-1.7853776798666848e-16,0.20347257049783038,-0.20793980411064233,5.477954737089582e-32,385163.1637840377,-4.3563338903148177e-29,2.5541912895126476e-13
29.76110000000029,-1.7853776798667062e-16,0.20347257049783038,-0.20793980411062943,5.477954737089037e-32,385163.1637840377,-4.3563338903148177e-29,2.5541912895126476e-13
29.81110000000029,-1.7853776798667274e-16,0.20347257049783038,-0.20793980411061666,5.477954737088493e-32,385163.1637840377,-3.917981940121215e-29,2.2938245071337894e-13
29.86110000000029,-1.785377679866747e-16,0.20347257049783038,-0.2079398041106051,5.477954737088025e-32,385163.1637840377,-3.917981940121215e-29,2.2938245071337894e-13
29.911100000000292,-1.7853776798667661e-16,0.20347257049783038,-0.20793980411059362,5.477954737087558e-32,385163.1637840377,-3.5111846506109106e-29,2.0601980969992462e-13
29.961100000000293,-1.7853776798667834e-16,0.20347257049783038,-0.20793980411058322,5.477954737087091e-32,385163.1637840377,-3.5111846506109106e-29,2.0601980969992462e-13
30,-1.7853776798667967e-16,0.20347257049783038,-0.2079398041105752,5.477954737086702e-32,385163.1637840377,-3.5111846506109106e-29,2.0601980969992462e-13
